saison,date,lieu,adversaire,buts_barca,buts_adversaire,resultat,tirs_barca,tirs_adversaire,tirs_cadres_barca,corners_barca,jaunes_barca,rouges_barca,arbitre
9394,1993-09-05,domicile,Sociedad,3,0,V,,,,,,,
9394,1993-09-12,exterieur,Albacete,0,0,N,,,,,,,
9394,1993-09-19,exterieur,Ath Bilbao,0,0,N,,,,,,,
9394,1993-09-26,domicile,Zaragoza,4,1,V,,,,,,,
9394,1993-10-03,exterieur,Osasuna,3,2,V,,,,,,,
9394,1993-10-06,domicile,Valladolid,3,0,V,,,,,,,
9394,1993-10-17,exterieur,La Coruna,0,1,D,,,,,,,
9394,1993-10-24,domicile,Oviedo,1,0,V,,,,,,,
9394,1993-10-31,exterieur,Ath Madrid,3,4,D,,,,,,,
9394,1993-11-07,domicile,Santander,2,1,V,,,,,,,
9394,1993-11-10,exterieur,Tenerife,3,2,V,,,,,,,
9394,1993-11-21,domicile,Lerida,0,1,D,,,,,,,
9394,1993-11-28,exterieur,Vallecano,4,2,V,,,,,,,
9394,1993-12-05,domicile,Logrones,2,2,N,,,,,,,
9394,1993-12-12,exterieur,Valencia,4,0,V,,,,,,,
9394,1993-12-19,domicile,Celta,1,0,V,,,,,,,
9394,1994-01-02,exterieur,Sp Gijon,0,2,D,,,,,,,
9394,1994-01-09,domicile,Real Madrid,5,0,V,,,,,,,
9394,1994-01-16,exterieur,Sevilla,0,0,N,,,,,,,
9394,1994-01-23,exterieur,Sociedad,1,2,D,,,,,,,
9394,1994-01-30,domicile,Albacete,2,1,V,,,,,,,
9394,1994-02-06,domicile,Ath Bilbao,2,3,D,,,,,,,
9394,1994-02-13,exterieur,Zaragoza,3,6,D,,,,,,,
9394,1994-02-20,domicile,Osasuna,8,1,V,,,,,,,
9394,1994-02-23,exterieur,Valladolid,3,1,V,,,,,,,
9394,1994-02-27,domicile,La Coruna,3,0,V,,,,,,,
9394,1994-03-06,exterieur,Oviedo,3,1,V,,,,,,,
9394,1994-03-13,domicile,Ath Madrid,5,3,V,,,,,,,
9394,1994-03-20,exterieur,Santander,1,1,N,,,,,,,
9394,1994-03-27,domicile,Tenerife,2,1,V,,,,,,,
9394,1994-04-03,exterieur,Lerida,2,1,V,,,,,,,
9394,1994-04-06,domicile,Vallecano,1,0,V,,,,,,,
9394,1994-04-10,exterieur,Logrones,0,0,N,,,,,,,
9394,1994-04-17,domicile,Valencia,3,1,V,,,,,,,
9394,1994-04-24,exterieur,Celta,4,0,V,,,,,,,
9394,1994-05-01,domicile,Sp Gijon,4,0,V,,,,,,,
9394,1994-05-08,exterieur,Real Madrid,1,0,V,,,,,,,
9394,1994-05-15,domicile,Sevilla,5,2,V,,,,,,,
9495,1994-09-04,exterieur,Sp Gijon,1,2,D,,,,,,,
9495,1994-09-10,domicile,Santander,2,1,V,,,,,,,
9495,1994-09-18,exterieur,Espanol,0,0,N,,,,,,,
9495,1994-09-24,domicile,Compostela,4,0,V,,,,,,,
9495,1994-10-02,exterieur,Zaragoza,1,2,D,,,,,,,
9495,1994-10-08,domicile,Ath Madrid,4,3,V,,,,,,,
9495,1994-10-15,exterieur,Valencia,2,1,V,,,,,,,
9495,1994-10-23,domicile,Tenerife,1,0,V,,,,,,,
9495,1994-10-29,exterieur,Sociedad,1,1,N,,,,,,,
9495,1994-11-06,domicile,Oviedo,1,0,V,,,,,,,
9495,1994-11-19,exterieur,Valladolid,3,1,V,,,,,,,
9495,1994-11-27,domicile,Sevilla,0,1,D,,,,,,,
9495,1994-12-03,domicile,La Coruna,1,1,N,,,,,,,
9495,1994-12-11,exterieur,Celta,4,2,V,,,,,,,
9495,1994-12-21,domicile,Betis,1,1,N,,,,,,,
9495,1995-01-07,exterieur,Real Madrid,0,5,D,,,,,,,
9495,1995-01-15,domicile,Logrones,3,0,V,,,,,,,
9495,1995-01-22,exterieur,Albacete,2,2,N,,,,,,,
9495,1995-01-28,domicile,Ath Bilbao,1,0,V,,,,,,,
9495,1995-02-05,domicile,Sp Gijon,3,1,V,,,,,,,
9495,1995-02-11,exterieur,Santander,0,5,D,,,,,,,
9495,1995-02-18,domicile,Espanol,3,0,V,,,,,,,
9495,1995-02-25,exterieur,Compostela,2,1,V,,,,,,,
9495,1995-03-05,domicile,Zaragoza,3,0,V,,,,,,,
9495,1995-03-11,exterieur,Ath Madrid,0,2,D,,,,,,,
9495,1995-03-19,domicile,Valencia,0,0,N,,,,,,,
9495,1995-04-02,exterieur,Tenerife,1,2,D,,,,,,,
9495,1995-04-09,domicile,Sociedad,1,1,N,,,,,,,
9495,1995-04-16,exterieur,Oviedo,0,0,N,,,,,,,
9495,1995-04-23,domicile,Valladolid,4,1,V,,,,,,,
9495,1995-04-30,exterieur,Sevilla,2,4,D,,,,,,,
9495,1995-05-06,exterieur,La Coruna,0,1,D,,,,,,,
9495,1995-05-14,domicile,Celta,1,1,N,,,,,,,
9495,1995-05-21,exterieur,Betis,1,1,N,,,,,,,
9495,1995-05-27,domicile,Real Madrid,1,0,V,,,,,,,
9495,1995-06-04,exterieur,Logrones,4,1,V,,,,,,,
9495,1995-06-10,domicile,Albacete,0,1,D,,,,,,,
9495,1995-06-18,exterieur,Ath Bilbao,2,0,V,,,,,,,
9596,1995-09-03,exterieur,Valladolid,2,0,V,,,,,,,
9596,1995-09-09,domicile,Merida,2,2,N,,,,,,,
9596,1995-09-17,exterieur,Zaragoza,3,0,V,,,,,,,
9596,1995-09-23,domicile,Vallecano,2,0,V,,,,,,,
9596,1995-09-30,exterieur,Real Madrid,1,1,N,,,,,,,
9596,1995-10-04,domicile,Oviedo,4,1,V,,,,,,,
9596,1995-10-07,exterieur,Betis,5,1,V,,,,,,,
9596,1995-10-14,domicile,Ath Bilbao,4,1,V,,,,,,,
9596,1995-10-22,domicile,Valencia,1,0,V,,,,,,,
9596,1995-10-28,exterieur,Compostela,1,2,D,,,,,,,
9596,1995-11-05,domicile,Salamanca,4,1,V,,,,,,,
9596,1995-11-12,exterieur,Tenerife,1,1,N,,,,,,,
9596,1995-11-18,domicile,Albacete,3,0,V,,,,,,,
9596,1995-11-25,exterieur,Sociedad,1,1,N,,,,,,,
9596,1995-12-02,domicile,Santander,1,1,N,,,,,,,
9596,1995-12-09,exterieur,Ath Madrid,1,3,D,,,,,,,
9596,1995-12-16,domicile,Sp Gijon,1,0,V,,,,,,,
9596,1995-12-20,exterieur,Sevilla,0,1,D,,,,,,,
9596,1996-01-04,domicile,Espanol,2,1,V,,,,,,,
9596,1996-01-07,exterieur,Celta,0,1,D,,,,,,,
9596,1996-01-14,domicile,La Coruna,1,1,N,,,,,,,
9596,1996-01-21,domicile,Valladolid,1,0,V,,,,,,,
9596,1996-01-25,exterieur,Merida,0,0,N,,,,,,,
9596,1996-01-28,domicile,Zaragoza,3,1,V,,,,,,,
9596,1996-02-04,exterieur,Vallecano,1,1,N,,,,,,,
9596,1996-02-10,domicile,Real Madrid,3,0,V,,,,,,,
9596,1996-02-18,exterieur,Oviedo,2,1,V,,,,,,,
9596,1996-02-25,domicile,Betis,1,0,V,,,,,,,
9596,1996-03-02,exterieur,Ath Bilbao,0,0,N,,,,,,,
9596,1996-03-09,exterieur,Valencia,1,4,D,,,,,,,
9596,1996-03-16,domicile,Compostela,1,0,V,,,,,,,
9596,1996-03-24,exterieur,Salamanca,3,1,V,,,,,,,
9596,1996-03-27,domicile,Tenerife,2,2,N,,,,,,,
9596,1996-03-31,exterieur,Albacete,1,0,V,,,,,,,
9596,1996-04-06,domicile,Sociedad,1,0,V,,,,,,,
9596,1996-04-13,exterieur,Santander,1,1,N,,,,,,,
9596,1996-04-20,domicile,Ath Madrid,1,3,D,,,,,,,
9596,1996-04-28,exterieur,Sp Gijon,3,0,V,,,,,,,
9596,1996-05-05,domicile,Sevilla,1,1,N,,,,,,,
9596,1996-05-15,exterieur,Espanol,1,1,N,,,,,,,
9596,1996-05-19,domicile,Celta,3,2,V,,,,,,,
9596,1996-05-26,exterieur,La Coruna,2,2,N,,,,,,,
9697,1996-09-01,exterieur,Oviedo,4,2,V,,,,,,,
9697,1996-09-07,domicile,Espanol,2,1,V,,,,,,,
9697,1996-09-15,exterieur,Santander,1,1,N,,,,,,,
9697,1996-09-22,domicile,Sociedad,3,2,V,,,,,,,
9697,1996-09-29,exterieur,Zaragoza,5,3,V,,,,,,,
9697,1996-10-02,domicile,Tenerife,1,1,N,,,,,,,
9697,1996-10-12,exterieur,Compostela,5,1,V,,,,,,,
9697,1996-10-20,domicile,Logrones,8,0,V,,,,,,,
9697,1996-10-23,exterieur,Sevilla,1,0,V,,,,,,,
9697,1996-10-26,domicile,Valencia,3,2,V,,,,,,,
9697,1996-11-04,exterieur,Sp Gijon,0,0,N,,,,,,,
9697,1996-11-09,domicile,Ath Madrid,3,3,N,,,,,,,
9697,1996-11-18,domicile,Valladolid,6,1,V,,,,,,,
9697,1996-11-23,exterieur,Ath Bilbao,1,2,D,,,,,,,
9697,1996-12-02,domicile,Extremadura,3,0,V,,,,,,,
9697,1996-12-07,exterieur,Real Madrid,0,2,D,,,,,,,
9697,1996-12-22,domicile,Celta,1,0,V,,,,,,,
9697,1997-01-04,exterieur,La Coruna,1,0,V,,,,,,,
9697,1997-01-13,domicile,Hercules,2,3,D,,,,,,,
9697,1997-01-19,exterieur,Betis,4,2,V,,,,,,,
9697,1997-01-26,domicile,Vallecano,6,0,V,,,,,,,
9697,1997-02-02,domicile,Oviedo,2,2,N,,,,,,,
9697,1997-02-09,exterieur,Espanol,0,2,D,,,,,,,
9697,1997-02-16,domicile,Santander,1,0,V,,,,,,,
9697,1997-02-20,exterieur,Sociedad,0,2,D,,,,,,,
9697,1997-02-23,domicile,Zaragoza,4,1,V,,,,,,,
9697,1997-03-01,exterieur,Tenerife,0,4,D,,,,,,,
9697,1997-03-09,domicile,Compostela,3,0,V,,,,,,,
9697,1997-03-16,exterieur,Logrones,1,0,V,,,,,,,
9697,1997-03-23,domicile,Sevilla,4,0,V,,,,,,,
9697,1997-03-30,exterieur,Valencia,1,1,N,,,,,,,
9697,1997-04-06,domicile,Sp Gijon,4,0,V,,,,,,,
9697,1997-04-13,exterieur,Ath Madrid,5,2,V,,,,,,,
9697,1997-04-16,exterieur,Valladolid,1,3,D,,,,,,,
9697,1997-04-20,domicile,Ath Bilbao,2,0,V,,,,,,,
9697,1997-05-05,exterieur,Extremadura,3,1,V,,,,,,,
9697,1997-05-10,domicile,Real Madrid,1,0,V,,,,,,,
9697,1997-05-19,exterieur,Celta,3,1,V,,,,,,,
9697,1997-05-24,domicile,La Coruna,1,0,V,,,,,,,
9697,1997-06-01,exterieur,Hercules,1,2,D,,,,,,,
9697,1997-06-15,domicile,Betis,3,0,V,,,,,,,
9697,1997-06-22,exterieur,Vallecano,2,1,V,,,,,,,
9798,1997-08-31,domicile,Sociedad,3,0,V,,,,,,,
9798,1997-09-08,exterieur,Valencia,3,0,V,,,,,,,
9798,1997-09-13,domicile,La Coruna,2,1,V,,,,,,,
9798,1997-09-28,exterieur,Sp Gijon,4,1,V,,,,,,,
9798,1997-10-05,domicile,Tenerife,3,2,V,,,,,,,
9798,1997-10-14,exterieur,Mallorca,1,0,V,,,,,,,
9798,1997-10-18,exterieur,Compostela,2,2,N,,,,,,,
9798,1997-10-26,domicile,Santander,2,0,V,,,,,,,
9798,1997-11-01,exterieur,Real Madrid,3,2,V,,,,,,,
9798,1997-11-09,domicile,Valladolid,1,2,D,,,,,,,
9798,1997-11-13,exterieur,Ath Bilbao,0,3,D,,,,,,,
9798,1997-11-16,domicile,Celta,3,2,V,,,,,,,
9798,1997-11-22,exterieur,Oviedo,0,1,D,,,,,,,
9798,1997-12-01,domicile,Merida,3,1,V,,,,,,,
9798,1997-12-06,exterieur,Zaragoza,2,1,V,,,,,,,
9798,1997-12-13,domicile,Espanol,3,1,V,,,,,,,
9798,1997-12-20,domicile,Ath Madrid,3,1,V,,,,,,,
9798,1998-01-05,exterieur,Salamanca,3,4,D,,,,,,,
9798,1998-01-11,exterieur,Sociedad,2,2,N,,,,,,,
9798,1998-01-19,domicile,Valencia,3,4,D,,,,,,,
9798,1998-01-25,exterieur,La Coruna,1,3,D,,,,,,,
9798,1998-02-01,domicile,Sp Gijon,2,1,V,,,,,,,
9798,1998-02-08,exterieur,Tenerife,1,1,N,,,,,,,
9798,1998-02-15,domicile,Mallorca,0,0,N,,,,,,,
9798,1998-02-22,domicile,Compostela,2,0,V,,,,,,,
9798,1998-03-02,exterieur,Santander,4,2,V,,,,,,,
9798,1998-03-07,domicile,Real Madrid,3,0,V,,,,,,,
9798,1998-03-15,exterieur,Valladolid,2,1,V,,,,,,,
9798,1998-03-22,domicile,Ath Bilbao,4,0,V,,,,,,,
9798,1998-03-29,exterieur,Celta,1,3,D,,,,,,,
9798,1998-04-04,domicile,Oviedo,2,1,V,,,,,,,
9798,1998-04-07,exterieur,Betis,2,0,V,,,,,,,
9798,1998-04-11,exterieur,Merida,2,1,V,,,,,,,
9798,1998-04-19,domicile,Zaragoza,1,0,V,,,,,,,
9798,1998-04-25,exterieur,Espanol,1,1,N,,,,,,,
9798,1998-05-03,domicile,Betis,1,3,D,,,,,,,
9798,1998-05-10,exterieur,Ath Madrid,2,5,D,,,,,,,
9798,1998-05-15,domicile,Salamanca,1,4,D,,,,,,,
9899,1998-08-30,exterieur,Santander,0,0,N,,,,,,,
9899,1998-09-12,domicile,Extremadura,1,0,V,,,,,,,
9899,1998-09-19,exterieur,Real Madrid,2,2,N,,,,,,,
9899,1998-09-26,domicile,Celta,2,2,N,,,,,,,
9899,1998-10-03,exterieur,Valencia,3,1,V,,,,,,,
9899,1998-10-17,domicile,Salamanca,1,1,N,,,,,,,
9899,1998-10-25,exterieur,Espanol,2,1,V,,,,,,,
9899,1998-10-31,domicile,Sociedad,4,1,V,,,,,,,
9899,1998-11-08,exterieur,Oviedo,1,2,D,,,,,,,
9899,1998-11-15,domicile,Tenerife,4,1,V,,,,,,,
9899,1998-11-21,exterieur,Mallorca,0,1,D,,,,,,,
9899,1998-11-28,domicile,Ath Madrid,0,1,D,,,,,,,
9899,1998-12-05,exterieur,La Coruna,1,2,D,,,,,,,
9899,1998-12-13,domicile,Villareal,1,3,D,,,,,,,
9899,1998-12-20,exterieur,Valladolid,1,0,V,,,,,,,
9899,1999-01-03,domicile,Alaves,7,1,V,,,,,,,
9899,1999-01-09,domicile,Ath Bilbao,4,2,V,,,,,,,
9899,1999-01-17,exterieur,Betis,3,0,V,,,,,,,
9899,1999-01-24,domicile,Zaragoza,3,1,V,,,,,,,
9899,1999-01-31,domicile,Santander,3,2,V,,,,,,,
9899,1999-02-07,exterieur,Extremadura,2,1,V,,,,,,,
9899,1999-02-14,domicile,Real Madrid,3,0,V,,,,,,,
9899,1999-02-21,exterieur,Celta,0,0,N,,,,,,,
9899,1999-02-27,domicile,Valencia,2,4,D,,,,,,,
9899,1999-03-07,exterieur,Salamanca,4,1,V,,,,,,,
9899,1999-03-14,domicile,Espanol,3,0,V,,,,,,,
9899,1999-03-21,exterieur,Sociedad,2,0,V,,,,,,,
9899,1999-04-04,domicile,Oviedo,3,1,V,,,,,,,
9899,1999-04-10,exterieur,Tenerife,3,2,V,,,,,,,
9899,1999-04-17,domicile,Mallorca,2,1,V,,,,,,,
9899,1999-04-25,exterieur,Ath Madrid,1,1,N,,,,,,,
9899,1999-05-02,domicile,La Coruna,4,0,V,,,,,,,
9899,1999-05-09,exterieur,Villareal,3,2,V,,,,,,,
9899,1999-05-15,domicile,Valladolid,1,1,N,,,,,,,
9899,1999-05-22,exterieur,Alaves,4,1,V,,,,,,,
9899,1999-05-29,exterieur,Ath Bilbao,3,1,V,,,,,,,
9899,1999-06-13,domicile,Betis,4,1,V,,,,,,,
9899,1999-06-20,exterieur,Zaragoza,0,2,D,,,,,,,
9900,1999-08-22,domicile,Zaragoza,2,0,V,,,,,,,
9900,1999-08-29,exterieur,Santander,2,1,V,,,,,,,
9900,1999-09-11,domicile,Espanol,3,0,V,,,,,,,
9900,1999-09-18,exterieur,Alaves,1,2,D,,,,,,,
9900,1999-09-25,domicile,Betis,4,1,V,,,,,,,
9900,1999-10-02,exterieur,Valladolid,2,0,V,,,,,,,
9900,1999-10-13,domicile,Real Madrid,2,2,N,,,,,,,
9900,1999-10-16,exterieur,Numancia,3,3,N,,,,,,,
9900,1999-10-23,domicile,Ath Bilbao,4,0,V,,,,,,,
9900,1999-10-30,exterieur,La Coruna,1,2,D,,,,,,,
9900,1999-11-07,domicile,Malaga,1,2,D,,,,,,,
9900,1999-11-20,exterieur,Valencia,1,3,D,,,,,,,
9900,1999-11-28,exterieur,Mallorca,2,3,D,,,,,,,
9900,1999-12-04,domicile,Oviedo,3,2,V,,,,,,,
9900,1999-12-11,exterieur,Sevilla,2,3,D,,,,,,,
9900,1999-12-19,domicile,Ath Madrid,2,1,V,,,,,,,
9900,1999-12-22,exterieur,Vallecano,1,1,N,,,,,,,
9900,2000-01-05,domicile,Sociedad,3,1,V,,,,,,,
9900,2000-01-09,exterieur,Celta,2,0,V,,,,,,,
9900,2000-01-16,exterieur,Zaragoza,0,0,N,,,,,,,
9900,2000-01-23,domicile,Santander,1,0,V,,,,,,,
9900,2000-01-29,exterieur,Espanol,1,1,N,,,,,,,
9900,2000-02-06,domicile,Alaves,0,1,D,,,,,,,
9900,2000-02-13,exterieur,Betis,1,2,D,,,,,,,
9900,2000-02-20,domicile,Valladolid,4,0,V,,,,,,,
9900,2000-02-26,exterieur,Real Madrid,0,3,D,,,,,,,
9900,2000-03-04,domicile,Numancia,4,0,V,,,,,,,
9900,2000-03-11,exterieur,Ath Bilbao,4,0,V,,,,,,,
9900,2000-03-18,domicile,La Coruna,2,1,V,,,,,,,
9900,2000-03-25,exterieur,Malaga,2,1,V,,,,,,,
9900,2000-04-02,domicile,Valencia,3,0,V,,,,,,,
9900,2000-04-09,domicile,Mallorca,0,3,D,,,,,,,
9900,2000-04-15,exterieur,Oviedo,0,3,D,,,,,,,
9900,2000-04-22,domicile,Sevilla,2,0,V,,,,,,,
9900,2000-04-29,exterieur,Ath Madrid,3,0,V,,,,,,,
9900,2000-05-06,domicile,Vallecano,0,2,D,,,,,,,
9900,2000-05-14,exterieur,Sociedad,0,0,N,,,,,,,
9900,2000-05-19,domicile,Celta,2,2,N,,,,,,,
0001,2000-09-09,domicile,Malaga,2,1,V,,,,,,,
0001,2000-09-16,exterieur,Ath Bilbao,1,3,D,,,,,,,
0001,2000-09-23,domicile,Santander,3,1,V,,,,,,,
0001,2000-10-01,exterieur,La Coruna,0,2,D,,,,,,,
0001,2000-10-14,exterieur,Sociedad,6,0,V,,,,,,,
0001,2000-10-21,domicile,Real Madrid,2,0,V,,,,,,,
0001,2000-10-28,exterieur,Mallorca,0,2,D,,,,,,,
0001,2000-11-01,domicile,Numancia,1,1,N,,,,,,,
0001,2000-11-04,exterieur,Las Palmas,1,0,V,,,,,,,
0001,2000-11-12,domicile,Villarreal,1,2,D,,,,,,,
0001,2000-11-19,exterieur,Zaragoza,1,3,D,,,,,,,
0001,2000-11-26,domicile,Osasuna,2,0,V,,,,,,,
0001,2000-12-02,exterieur,Celta,3,3,N,,,,,,,
0001,2000-12-10,domicile,Espanol,4,2,V,,,,,,,
0001,2000-12-16,exterieur,Vallecano,2,2,N,,,,,,,
0001,2000-12-20,domicile,Alaves,3,2,V,,,,,,,
0001,2001-01-07,exterieur,Oviedo,3,2,V,,,,,,,
0001,2001-01-13,domicile,Valladolid,3,1,V,,,,,,,
0001,2001-01-20,exterieur,Valencia,1,0,V,,,,,,,
0001,2001-01-27,exterieur,Malaga,0,0,N,,,,,,,
0001,2001-02-03,domicile,Ath Bilbao,7,0,V,,,,,,,
0001,2001-02-11,exterieur,Santander,0,4,D,,,,,,,
0001,2001-02-17,domicile,La Coruna,2,3,D,,,,,,,
0001,2001-02-25,domicile,Sociedad,3,0,V,,,,,,,
0001,2001-03-03,exterieur,Real Madrid,2,2,N,,,,,,,
0001,2001-03-11,domicile,Mallorca,1,1,N,,,,,,,
0001,2001-03-18,exterieur,Numancia,1,1,N,,,,,,,
0001,2001-04-01,domicile,Las Palmas,4,1,V,,,,,,,
0001,2001-04-08,exterieur,Villarreal,4,4,N,,,,,,,
0001,2001-04-14,domicile,Zaragoza,4,4,N,,,,,,,
0001,2001-04-22,exterieur,Osasuna,1,3,D,,,,,,,
0001,2001-04-29,domicile,Celta,1,1,N,,,,,,,
0001,2001-05-05,exterieur,Espanol,0,0,N,,,,,,,
0001,2001-05-13,domicile,Vallecano,5,1,V,,,,,,,
0001,2001-05-19,exterieur,Alaves,1,0,V,,,,,,,
0001,2001-05-27,domicile,Oviedo,0,1,D,,,,,,,
0001,2001-06-10,exterieur,Valladolid,2,2,N,,,,,,,
0001,2001-06-17,domicile,Valencia,3,2,V,,,,,,,
0102,2001-08-26,exterieur,Sevilla,2,1,V,,,,,,,
0102,2001-09-09,domicile,Vallecano,1,1,N,,,,,,,
0102,2001-09-15,exterieur,Osasuna,0,0,N,,,,,,,
0102,2001-09-22,domicile,Tenerife,2,0,V,,,,,,,
0102,2001-09-29,exterieur,Sociedad,2,0,V,,,,,,,
0102,2001-10-03,domicile,Mallorca,3,0,V,,,,,,,
0102,2001-10-06,exterieur,La Coruna,1,2,D,,,,,,,
0102,2001-10-14,domicile,Valencia,2,2,N,,,,,,,
0102,2001-10-20,exterieur,Malaga,1,1,N,,,,,,,
0102,2001-10-27,domicile,Betis,3,0,V,,,,,,,
0102,2001-11-04,exterieur,Real Madrid,0,2,D,,,,,,,
0102,2001-11-11,domicile,Valladolid,4,0,V,,,,,,,
0102,2001-11-17,exterieur,Las Palmas,0,0,N,,,,,,,
0102,2001-11-24,domicile,Ath Bilbao,1,2,D,,,,,,,
0102,2001-12-01,exterieur,Alaves,0,2,D,,,,,,,
0102,2001-12-09,domicile,Celta,2,2,N,,,,,,,
0102,2001-12-16,exterieur,Villarreal,1,0,V,,,,,,,
0102,2001-12-22,exterieur,Espanol,0,2,D,,,,,,,
0102,2002-01-06,domicile,Zaragoza,2,0,V,,,,,,,
0102,2002-01-13,domicile,Sevilla,3,1,V,,,,,,,
0102,2002-01-20,exterieur,Vallecano,1,2,D,,,,,,,
0102,2002-01-27,domicile,Osasuna,0,1,D,,,,,,,
0102,2002-02-02,exterieur,Tenerife,6,0,V,,,,,,,
0102,2002-02-06,domicile,Sociedad,2,0,V,,,,,,,
0102,2002-02-09,exterieur,Mallorca,0,0,N,,,,,,,
0102,2002-02-16,domicile,La Coruna,3,2,V,,,,,,,
0102,2002-02-23,exterieur,Valencia,0,2,D,,,,,,,
0102,2002-03-03,domicile,Malaga,5,1,V,,,,,,,
0102,2002-03-09,exterieur,Betis,1,2,D,,,,,,,
0102,2002-03-16,domicile,Real Madrid,1,1,N,,,,,,,
0102,2002-03-24,exterieur,Valladolid,2,1,V,,,,,,,
0102,2002-03-30,domicile,Las Palmas,1,1,N,,,,,,,
0102,2002-04-06,exterieur,Ath Bilbao,2,0,V,,,,,,,
0102,2002-04-14,domicile,Alaves,3,2,V,,,,,,,
0102,2002-04-20,exterieur,Celta,1,2,D,,,,,,,
0102,2002-04-27,domicile,Villarreal,4,1,V,,,,,,,
0102,2002-05-05,domicile,Espanol,2,0,V,,,,,,,
0102,2002-05-11,exterieur,Zaragoza,1,1,N,,,,,,,
0203,2002-09-01,domicile,Ath Madrid,2,2,N,,,,,,,
0203,2002-09-14,exterieur,Ath Bilbao,2,0,V,,,,,,,
0203,2002-09-21,domicile,Espanol,2,0,V,,,,,,,
0203,2002-09-28,exterieur,Betis,0,3,D,,,,,,,
0203,2002-10-06,domicile,Osasuna,2,2,N,,,,,,,
0203,2002-10-20,exterieur,Valladolid,1,2,D,,,,,,,
0203,2002-10-26,domicile,Alaves,6,1,V,,,,,,,
0203,2002-11-03,exterieur,Santander,1,1,N,,,,,,,
0203,2002-11-09,domicile,Villarreal,1,0,V,,,,,,,
0203,2002-11-16,exterieur,La Coruna,0,2,D,,,,,,,
0203,2002-11-23,domicile,Real Madrid,0,0,N,,,,,,,
0203,2002-12-01,exterieur,Sociedad,1,2,D,,,,,,,
0203,2002-12-07,exterieur,Vallecano,0,1,D,,,,,,,
0203,2002-12-15,domicile,Sevilla,0,3,D,,,,,,,
0203,2002-12-21,exterieur,Mallorca,4,0,V,,,,,,,
0203,2003-01-05,domicile,Recreativo,3,0,V,,,,,,,
0203,2003-01-12,exterieur,Malaga,0,0,N,,,,,,,
0203,2003-01-18,domicile,Valencia,2,4,D,,,,,,,
0203,2003-01-26,exterieur,Celta,0,2,D,,,,,,,
0203,2003-02-01,exterieur,Ath Madrid,0,3,D,,,,,,,
0203,2003-02-09,domicile,Ath Bilbao,2,2,N,,,,,,,
0203,2003-02-15,exterieur,Espanol,2,0,V,,,,,,,
0203,2003-02-22,domicile,Betis,4,0,V,,,,,,,
0203,2003-03-02,exterieur,Osasuna,2,2,N,,,,,,,
0203,2003-03-08,domicile,Valladolid,1,1,N,,,,,,,
0203,2003-03-16,exterieur,Alaves,0,0,N,,,,,,,
0203,2003-03-23,domicile,Santander,6,1,V,,,,,,,
0203,2003-04-05,exterieur,Villarreal,0,2,D,,,,,,,
0203,2003-04-12,domicile,La Coruna,2,4,D,,,,,,,
0203,2003-04-19,exterieur,Real Madrid,1,1,N,,,,,,,
0203,2003-04-27,domicile,Sociedad,2,1,V,,,,,,,
0203,2003-05-04,domicile,Vallecano,3,0,V,,,,,,,
0203,2003-05-11,exterieur,Sevilla,0,0,N,,,,,,,
0203,2003-05-18,domicile,Mallorca,1,2,D,,,,,,,
0203,2003-05-25,exterieur,Recreativo,3,1,V,,,,,,,
0203,2003-06-01,domicile,Malaga,2,1,V,,,,,,,
0203,2003-06-15,exterieur,Valencia,3,1,V,,,,,,,
0203,2003-06-22,domicile,Celta,2,0,V,,,,,,,
0304,2003-08-30,exterieur,Ath Bilbao,1,0,V,,,,,,,
0304,2003-09-03,domicile,Sevilla,1,1,N,,,,,,,
0304,2003-09-14,exterieur,Albacete,2,1,V,,,,,,,
0304,2003-09-20,domicile,Osasuna,1,1,N,,,,,,,
0304,2003-09-28,exterieur,Ath Madrid,0,0,N,,,,,,,
0304,2003-10-05,domicile,Valencia,0,1,D,,,,,,,
0304,2003-10-18,domicile,La Coruna,0,2,D,,,,,,,
0304,2003-10-26,exterieur,Mallorca,3,1,V,,,,,,,
0304,2003-10-29,domicile,Murcia,3,0,V,,,,,,,
0304,2003-11-02,exterieur,Sociedad,3,3,N,,,,,,,
0304,2003-11-09,domicile,Betis,2,1,V,,,,,,,
0304,2003-11-22,exterieur,Villarreal,1,2,D,,,,,,,
0304,2003-11-30,domicile,Valladolid,0,0,N,,,,,,,
0304,2003-12-03,exterieur,Malaga,1,5,D,,,,,,,
0304,2003-12-06,domicile,Real Madrid,1,2,D,,,,,,,
0304,2003-12-13,exterieur,Espanol,3,1,V,,,,,,,
0304,2003-12-21,domicile,Celta,1,1,N,,,,,,,
0304,2004-01-04,exterieur,Santander,0,3,D,,,,,,,
0304,2004-01-11,domicile,Zaragoza,3,0,V,,,,,,,
0304,2004-01-17,domicile,Ath Bilbao,1,1,N,,,,,,,
0304,2004-01-25,exterieur,Sevilla,1,0,V,,,,,,,
0304,2004-02-01,domicile,Albacete,5,0,V,,,,,,,
0304,2004-02-08,exterieur,Osasuna,2,1,V,,,,,,,
0304,2004-02-15,domicile,Ath Madrid,3,1,V,,,,,,,
0304,2004-02-21,exterieur,Valencia,1,0,V,,,,,,,
0304,2004-02-29,exterieur,La Coruna,3,2,V,,,,,,,
0304,2004-03-07,domicile,Mallorca,3,2,V,,,,,,,
0304,2004-03-14,exterieur,Murcia,2,0,V,,,,,,,
0304,2004-03-21,domicile,Sociedad,1,0,V,,,,,,,
0304,2004-04-03,domicile,Villarreal,0,0,N,,,,,,,
0304,2004-04-10,exterieur,Valladolid,3,1,V,,,,,,,
0304,2004-04-14,exterieur,Betis,1,1,N,,,,,,,
0304,2004-04-18,domicile,Malaga,3,0,V,,,,,,,
0304,2004-04-25,exterieur,Real Madrid,2,1,V,,,,,,,
0304,2004-05-02,domicile,Espanol,4,1,V,,,,,,,
0304,2004-05-08,exterieur,Celta,0,1,D,,,,,,,
0304,2004-05-16,domicile,Santander,1,0,V,,,,,,,
0304,2004-05-23,exterieur,Zaragoza,1,2,D,,,,,,,
0405,2004-08-29,exterieur,Santander,2,0,V,,,,,,,
0405,2004-09-11,domicile,Sevilla,2,0,V,,,,,,,
0405,2004-09-19,exterieur,Ath Madrid,1,1,N,,,,,,,
0405,2004-09-23,domicile,Zaragoza,4,1,V,,,,,,,
0405,2004-09-26,exterieur,Mallorca,3,1,V,,,,,,,
0405,2004-10-03,domicile,Numancia,1,0,V,,,,,,,
0405,2004-10-16,exterieur,Espanol,1,0,V,,,,,,,
0405,2004-10-24,domicile,Osasuna,3,0,V,,,,,,,
0405,2004-10-30,exterieur,Ath Bilbao,1,1,N,,,,,,,
0405,2004-11-06,domicile,La Coruna,2,1,V,,,,,,,
0405,2004-11-14,exterieur,Betis,1,2,D,,,,,,,
0405,2004-11-20,domicile,Real Madrid,3,0,V,,,,,,,
0405,2004-11-27,exterieur,Getafe,2,1,V,,,,,,,
0405,2004-12-04,domicile,Malaga,4,0,V,,,,,,,
0405,2004-12-11,exterieur,Albacete,2,1,V,,,,,,,
0405,2004-12-18,domicile,Valencia,1,1,N,,,,,,,
0405,2004-12-21,domicile,Levante,2,1,V,,,,,,,
0405,2005-01-09,exterieur,Villarreal,0,3,D,,,,,,,
0405,2005-01-16,domicile,Sociedad,1,0,V,,,,,,,
0405,2005-01-22,domicile,Santander,3,0,V,,,,,,,
0405,2005-01-29,exterieur,Sevilla,4,0,V,,,,,,,
0405,2005-02-06,domicile,Ath Madrid,0,2,D,,,,,,,
0405,2005-02-12,exterieur,Zaragoza,4,1,V,,,,,,,
0405,2005-02-19,domicile,Mallorca,2,0,V,,,,,,,
0405,2005-02-26,exterieur,Numancia,1,1,N,,,,,,,
0405,2005-03-01,domicile,Espanol,0,0,N,,,,,,,
0405,2005-03-05,exterieur,Osasuna,1,0,V,,,,,,,
0405,2005-03-12,domicile,Ath Bilbao,2,0,V,,,,,,,
0405,2005-03-19,exterieur,La Coruna,1,0,V,,,,,,,
0405,2005-04-03,domicile,Betis,3,3,N,,,,,,,
0405,2005-04-10,exterieur,Real Madrid,2,4,D,,,,,,,
0405,2005-04-17,domicile,Getafe,2,0,V,,,,,,,
0405,2005-04-24,exterieur,Malaga,4,0,V,,,,,,,
0405,2005-05-01,domicile,Albacete,2,0,V,,,,,,,
0405,2005-05-08,exterieur,Valencia,2,0,V,,,,,,,
0405,2005-05-14,exterieur,Levante,1,1,N,,,,,,,
0405,2005-05-22,domicile,Villarreal,3,3,N,,,,,,,
0405,2005-05-29,exterieur,Sociedad,0,0,N,,,,,,,
0506,2005-08-27,exterieur,Alaves,0,0,N,17,5,10,7,1,0,
0506,2005-09-11,domicile,Mallorca,2,0,V,23,6,7,7,2,0,
0506,2005-09-18,exterieur,Ath Madrid,1,2,D,18,16,4,7,2,0,
0506,2005-09-21,domicile,Valencia,2,2,N,10,5,5,7,3,0,
0506,2005-09-24,exterieur,Betis,4,1,V,23,9,10,7,2,0,
0506,2005-10-01,domicile,Zaragoza,2,2,N,22,7,7,1,4,0,
0506,2005-10-15,exterieur,La Coruna,3,3,N,13,9,6,3,4,0,
0506,2005-10-22,domicile,Osasuna,3,0,V,24,6,10,7,1,0,
0506,2005-10-26,domicile,Malaga,2,0,V,36,4,20,12,0,0,
0506,2005-10-30,domicile,Sociedad,5,0,V,21,2,8,4,1,0,
0506,2005-11-06,exterieur,Getafe,3,1,V,10,7,7,4,0,0,
0506,2005-11-19,exterieur,Real Madrid,3,0,V,20,5,7,6,2,0,
0506,2005-11-27,domicile,Santander,4,1,V,25,3,7,8,1,0,
0506,2005-12-04,exterieur,Villarreal,2,0,V,11,6,4,5,4,1,
0506,2005-12-11,domicile,Sevilla,2,1,V,14,7,3,7,4,0,
0506,2005-12-17,exterieur,Cadiz,3,1,V,19,12,9,8,1,0,
0506,2005-12-20,domicile,Celta,2,0,V,15,4,7,6,1,0,
0506,2006-01-07,exterieur,Espanol,2,1,V,19,9,7,6,3,0,
0506,2006-01-15,domicile,Ath Bilbao,2,1,V,16,8,9,7,2,1,
0506,2006-01-22,domicile,Alaves,2,0,V,25,3,7,7,1,0,
0506,2006-01-29,exterieur,Mallorca,3,0,V,15,5,4,6,3,0,
0506,2006-02-05,domicile,Ath Madrid,1,3,D,15,13,6,6,3,0,
0506,2006-02-12,exterieur,Valencia,0,1,D,18,9,5,5,4,0,
0506,2006-02-18,domicile,Betis,5,1,V,19,13,8,4,4,0,
0506,2006-02-25,exterieur,Zaragoza,2,0,V,8,5,2,1,0,0,
0506,2006-03-04,domicile,La Coruna,3,2,V,16,7,7,8,3,0,
0506,2006-03-12,exterieur,Osasuna,1,2,D,8,11,4,1,2,2,
0506,2006-03-18,exterieur,Sociedad,2,0,V,14,9,6,3,2,0,
0506,2006-03-21,domicile,Getafe,3,1,V,15,9,4,10,1,0,
0506,2006-03-25,exterieur,Malaga,0,0,N,23,13,10,5,0,0,
0506,2006-04-01,domicile,Real Madrid,1,1,N,35,3,11,12,2,0,
0506,2006-04-09,exterieur,Santander,2,2,N,10,8,3,1,1,1,
0506,2006-04-14,domicile,Villarreal,1,0,V,14,10,4,8,1,0,
0506,2006-04-29,domicile,Cadiz,1,0,V,14,7,4,2,1,0,
0506,2006-05-03,exterieur,Celta,1,0,V,14,13,5,2,3,0,
0506,2006-05-06,domicile,Espanol,2,0,V,15,19,5,8,0,0,
0506,2006-05-13,exterieur,Sevilla,2,3,D,16,16,4,4,1,1,
0506,2006-05-20,exterieur,Ath Bilbao,1,3,D,13,15,4,1,1,0,
0607,2006-08-28,exterieur,Celta,3,2,V,12,12,6,7,2,0,
0607,2006-09-09,domicile,Osasuna,3,0,V,16,9,6,5,0,0,
0607,2006-09-17,exterieur,Santander,3,0,V,20,8,7,4,3,0,
0607,2006-09-24,domicile,Valencia,1,1,N,21,6,6,6,1,0,
0607,2006-09-30,exterieur,Ath Bilbao,3,1,V,16,5,4,3,1,0,
0607,2006-10-15,domicile,Sevilla,3,1,V,7,3,5,2,1,0,
0607,2006-10-22,exterieur,Real Madrid,0,2,D,14,18,2,5,2,0,
0607,2006-10-28,domicile,Recreativo,3,0,V,12,6,8,0,2,0,
0607,2006-11-04,exterieur,La Coruna,1,1,N,11,21,2,2,6,0,
0607,2006-11-12,domicile,Zaragoza,3,1,V,9,12,4,7,4,1,
0607,2006-11-19,exterieur,Mallorca,4,1,V,9,6,5,5,1,0,
0607,2006-11-25,domicile,Villarreal,4,0,V,18,11,12,11,2,0,
0607,2006-12-02,exterieur,Levante,1,1,N,15,16,4,3,2,0,
0607,2006-12-09,domicile,Sociedad,1,0,V,14,9,5,5,0,1,
0607,2006-12-21,domicile,Ath Madrid,1,1,N,13,6,4,6,4,0,
0607,2007-01-07,exterieur,Getafe,1,1,N,8,13,3,4,1,0,
0607,2007-01-13,exterieur,Espanol,1,3,D,12,17,6,2,2,0,
0607,2007-01-21,domicile,Gimnastic,3,0,V,11,5,5,1,1,0,
0607,2007-01-24,exterieur,Betis,1,1,N,9,11,5,7,4,0,
0607,2007-01-28,domicile,Celta,3,1,V,15,4,9,5,1,0,
0607,2007-02-04,exterieur,Osasuna,0,0,N,13,15,3,5,2,0,
0607,2007-02-11,domicile,Santander,2,0,V,17,6,7,2,1,0,
0607,2007-02-18,exterieur,Valencia,1,2,D,13,6,3,6,5,1,
0607,2007-02-25,domicile,Ath Bilbao,3,0,V,15,5,8,9,0,0,
0607,2007-03-03,exterieur,Sevilla,1,2,D,9,14,5,2,2,2,
0607,2007-03-10,domicile,Real Madrid,3,3,N,18,13,9,2,3,1,
0607,2007-03-17,exterieur,Recreativo,4,0,V,11,13,6,2,2,0,
0607,2007-03-31,domicile,La Coruna,2,1,V,19,13,6,4,3,0,
0607,2007-04-07,exterieur,Zaragoza,0,1,D,8,14,4,5,6,0,
0607,2007-04-15,domicile,Mallorca,1,0,V,24,5,4,7,1,0,
0607,2007-04-22,exterieur,Villarreal,0,2,D,15,9,7,8,2,0,
0607,2007-04-29,domicile,Levante,1,0,V,16,9,8,3,2,0,
0607,2007-05-05,exterieur,Sociedad,2,0,V,12,8,6,9,2,0,
0607,2007-05-13,domicile,Betis,1,1,N,18,4,3,7,2,0,
0607,2007-05-20,exterieur,Ath Madrid,6,0,V,20,17,11,6,0,0,
0607,2007-05-26,domicile,Getafe,1,0,V,12,9,5,4,3,1,
0607,2007-06-09,domicile,Espanol,2,2,N,25,8,6,11,2,0,
0607,2007-06-17,exterieur,Gimnastic,5,1,V,23,10,12,6,0,0,
0708,2007-08-26,exterieur,Santander,0,0,N,13,14,3,8,1,0,
0708,2007-09-02,domicile,Ath Bilbao,3,1,V,16,9,6,4,1,1,
0708,2007-09-16,exterieur,Osasuna,0,0,N,9,7,3,1,2,0,
0708,2007-09-22,domicile,Sevilla,2,1,V,15,6,6,6,3,0,
0708,2007-09-26,domicile,Zaragoza,4,1,V,25,5,13,12,2,0,
0708,2007-09-29,exterieur,Levante,4,1,V,15,7,9,3,0,0,
0708,2007-10-07,domicile,Ath Madrid,3,0,V,17,8,10,5,1,0,
0708,2007-10-20,exterieur,Villarreal,1,3,D,13,8,6,9,3,0,
0708,2007-10-28,domicile,Almeria,2,0,V,14,7,6,11,2,0,
0708,2007-11-01,exterieur,Valladolid,1,1,N,12,13,2,11,0,0,
0708,2007-11-04,domicile,Betis,3,0,V,19,6,7,6,0,0,
0708,2007-11-10,exterieur,Getafe,0,2,D,10,13,2,4,4,1,
0708,2007-11-24,domicile,Recreativo,3,0,V,19,4,7,13,2,0,
0708,2007-12-01,exterieur,Espanol,1,1,N,16,12,7,7,1,0,
0708,2007-12-09,domicile,La Coruna,2,1,V,20,9,12,10,1,0,
0708,2007-12-15,exterieur,Valencia,3,0,V,16,11,11,6,1,0,
0708,2007-12-23,domicile,Real Madrid,0,1,D,16,11,6,7,2,0,
0708,2008-01-05,exterieur,Mallorca,2,0,V,15,10,4,5,3,0,
0708,2008-01-12,domicile,Murcia,4,0,V,18,9,10,4,3,0,
0708,2008-01-20,domicile,Santander,1,0,V,12,9,2,5,1,0,
0708,2008-01-27,exterieur,Ath Bilbao,1,1,N,8,17,2,3,0,0,
0708,2008-02-03,domicile,Osasuna,1,0,V,17,9,6,10,0,0,
0708,2008-02-09,exterieur,Sevilla,1,1,N,13,19,5,2,4,0,
0708,2008-02-16,exterieur,Zaragoza,2,1,V,12,13,5,3,2,0,
0708,2008-02-24,domicile,Levante,5,1,V,21,8,8,8,0,0,
0708,2008-03-01,exterieur,Ath Madrid,2,4,D,17,8,5,5,4,0,
0708,2008-03-09,domicile,Villarreal,1,2,D,9,8,4,10,5,0,
0708,2008-03-16,exterieur,Almeria,2,2,N,8,18,5,5,3,1,
0708,2008-03-23,domicile,Valladolid,4,1,V,18,11,11,4,1,0,
0708,2008-03-29,exterieur,Betis,2,3,D,13,13,5,3,0,0,
0708,2008-04-06,domicile,Getafe,0,0,N,19,11,2,9,2,0,
0708,2008-04-12,exterieur,Recreativo,2,2,N,11,14,3,5,2,0,
0708,2008-04-19,domicile,Espanol,0,0,N,18,6,6,7,6,0,
0708,2008-04-26,exterieur,La Coruna,0,2,D,10,24,1,2,4,0,
0708,2008-05-04,domicile,Valencia,6,0,V,17,6,12,7,3,0,
0708,2008-05-07,exterieur,Real Madrid,1,4,D,14,19,4,3,4,1,
0708,2008-05-11,domicile,Mallorca,2,3,D,12,22,4,6,1,1,
0708,2008-05-17,exterieur,Murcia,5,3,V,16,21,9,6,1,0,
0809,2008-08-31,exterieur,Numancia,0,1,D,25,5,5,7,2,0,
0809,2008-09-13,domicile,Santander,1,1,N,18,2,7,9,1,0,
0809,2008-09-21,exterieur,Sp Gijon,6,1,V,23,5,8,14,0,0,
0809,2008-09-24,domicile,Betis,3,2,V,18,8,8,6,2,0,
0809,2008-09-27,exterieur,Espanol,2,1,V,33,5,8,12,2,0,
0809,2008-10-04,domicile,Ath Madrid,6,1,V,19,7,8,5,1,0,
0809,2008-10-19,exterieur,Ath Bilbao,1,0,V,14,9,3,5,3,0,
0809,2008-10-25,domicile,Almeria,5,0,V,13,6,9,6,0,0,
0809,2008-11-01,exterieur,Malaga,4,1,V,14,5,4,4,3,0,
0809,2008-11-08,domicile,Valladolid,6,0,V,22,3,13,9,1,0,
0809,2008-11-16,exterieur,Recreativo,2,0,V,21,7,8,5,2,0,
0809,2008-11-23,domicile,Getafe,1,1,N,14,7,4,13,3,0,
0809,2008-11-29,exterieur,Sevilla,3,0,V,22,10,9,2,3,0,
0809,2008-12-06,domicile,Valencia,4,0,V,17,5,7,3,0,0,
0809,2008-12-13,domicile,Real Madrid,2,0,V,19,6,8,11,3,0,
0809,2008-12-21,exterieur,Villarreal,2,1,V,16,8,7,7,2,1,
0809,2009-01-03,domicile,Mallorca,3,1,V,18,6,8,5,4,0,
0809,2009-01-11,exterieur,Osasuna,3,2,V,17,6,9,7,3,0,
0809,2009-01-17,domicile,La Coruna,5,0,V,21,1,10,9,0,0,
0809,2009-01-24,domicile,Numancia,4,1,V,24,4,8,3,2,0,
0809,2009-02-01,exterieur,Santander,2,1,V,8,7,2,3,2,2,
0809,2009-02-08,domicile,Sp Gijon,3,1,V,18,5,7,7,2,0,
0809,2009-02-14,exterieur,Betis,2,2,N,23,7,12,7,2,0,
0809,2009-02-21,domicile,Espanol,1,2,D,20,4,2,4,6,1,
0809,2009-03-01,exterieur,Ath Madrid,3,4,D,14,22,6,3,2,0,
0809,2009-03-07,domicile,Ath Bilbao,2,0,V,28,5,10,5,3,0,
0809,2009-03-15,exterieur,Almeria,2,0,V,17,5,7,5,0,0,
0809,2009-03-22,domicile,Malaga,6,0,V,27,10,14,10,2,0,
0809,2009-04-04,exterieur,Valladolid,1,0,V,13,7,4,4,0,0,
0809,2009-04-11,domicile,Recreativo,2,0,V,16,7,6,15,0,0,
0809,2009-04-18,exterieur,Getafe,1,0,V,17,3,8,5,2,0,
0809,2009-04-22,domicile,Sevilla,4,0,V,28,6,7,9,2,0,
0809,2009-04-25,exterieur,Valencia,2,2,N,14,10,6,9,2,0,
0809,2009-05-02,exterieur,Real Madrid,6,2,V,17,5,13,2,2,0,
0809,2009-05-10,domicile,Villarreal,3,3,N,15,6,3,4,1,1,
0809,2009-05-17,exterieur,Mallorca,1,2,D,17,16,10,7,2,0,
0809,2009-05-23,domicile,Osasuna,0,1,D,9,10,3,7,3,1,
0809,2009-05-30,exterieur,La Coruna,1,1,N,18,15,5,5,1,0,
0910,2009-08-31,domicile,Sp Gijon,3,0,V,20,9,9,9,0,0,
0910,2009-09-12,exterieur,Getafe,2,0,V,14,19,9,5,0,0,
0910,2009-09-19,domicile,Ath Madrid,5,2,V,8,14,6,7,1,0,
0910,2009-09-22,exterieur,Santander,4,1,V,20,4,6,3,1,0,
0910,2009-09-26,exterieur,Malaga,2,0,V,11,3,6,1,3,0,
0910,2009-10-03,domicile,Almeria,1,0,V,17,0,7,10,3,0,
0910,2009-10-17,exterieur,Valencia,0,0,N,12,13,3,6,2,0,
0910,2009-10-25,domicile,Zaragoza,6,1,V,17,7,13,6,0,0,
0910,2009-10-31,exterieur,Osasuna,1,1,N,16,9,7,7,3,0,
0910,2009-11-07,domicile,Mallorca,4,2,V,18,10,10,2,1,0,
0910,2009-11-21,exterieur,Ath Bilbao,1,1,N,13,8,3,7,1,0,
0910,2009-11-29,domicile,Real Madrid,1,0,V,9,16,4,6,0,1,
0910,2009-12-02,exterieur,Xerez,2,0,V,14,7,3,9,0,0,
0910,2009-12-05,exterieur,La Coruna,3,1,V,19,4,9,9,2,0,
0910,2009-12-12,domicile,Espanol,1,0,V,15,7,3,10,3,0,
0910,2010-01-02,domicile,Villarreal,1,1,N,12,8,3,6,2,0,
0910,2010-01-10,exterieur,Tenerife,5,0,V,15,13,5,1,2,0,
0910,2010-01-16,domicile,Sevilla,4,0,V,27,4,12,11,2,0,
0910,2010-01-23,exterieur,Valladolid,3,0,V,14,11,8,5,2,0,
0910,2010-01-30,exterieur,Sp Gijon,1,0,V,22,5,5,10,3,0,
0910,2010-02-06,domicile,Getafe,2,1,V,18,13,8,5,4,2,
0910,2010-02-14,exterieur,Ath Madrid,1,2,D,13,13,7,7,5,0,
0910,2010-02-20,domicile,Santander,4,0,V,16,5,9,6,3,0,
0910,2010-02-27,domicile,Malaga,2,1,V,20,5,8,13,1,0,
0910,2010-03-06,exterieur,Almeria,2,2,N,22,7,8,5,0,1,
0910,2010-03-14,domicile,Valencia,3,0,V,19,7,8,7,1,0,
0910,2010-03-21,exterieur,Zaragoza,4,2,V,18,10,6,6,3,0,
0910,2010-03-24,domicile,Osasuna,2,0,V,16,3,5,8,4,0,
0910,2010-03-27,exterieur,Mallorca,1,0,V,7,10,5,8,3,0,
0910,2010-04-03,domicile,Ath Bilbao,4,1,V,17,14,7,7,1,0,
0910,2010-04-10,exterieur,Real Madrid,2,0,V,8,16,4,7,4,0,
0910,2010-04-14,domicile,La Coruna,3,0,V,21,5,11,14,0,0,
0910,2010-04-17,exterieur,Espanol,0,0,N,4,9,1,4,2,1,
0910,2010-04-24,domicile,Xerez,3,1,V,14,8,7,3,1,0,
0910,2010-05-01,exterieur,Villarreal,4,1,V,15,8,6,4,3,0,
0910,2010-05-04,domicile,Tenerife,4,1,V,21,4,8,9,0,0,
0910,2010-05-08,exterieur,Sevilla,3,2,V,18,7,7,4,6,0,
0910,2010-05-16,domicile,Valladolid,4,0,V,14,10,7,7,1,0,
1011,2010-08-29,exterieur,Santander,3,0,V,9,11,5,5,1,0,
1011,2010-09-11,domicile,Hercules,0,2,D,17,9,9,14,2,0,
1011,2010-09-19,exterieur,Ath Madrid,2,1,V,16,7,8,6,5,0,
1011,2010-09-22,domicile,Sp Gijon,1,0,V,16,3,5,8,2,0,
1011,2010-09-25,exterieur,Ath Bilbao,3,1,V,25,11,10,8,1,1,
1011,2010-10-03,domicile,Mallorca,1,1,N,26,11,10,13,0,0,
1011,2010-10-16,domicile,Valencia,2,1,V,12,8,8,7,2,0,
1011,2010-10-23,exterieur,Zaragoza,2,0,V,20,5,10,3,1,0,
1011,2010-10-30,domicile,Sevilla,5,0,V,18,3,9,11,1,0,
1011,2010-11-07,exterieur,Getafe,3,1,V,14,12,8,3,1,1,
1011,2010-11-13,domicile,Villarreal,3,1,V,15,9,5,4,2,0,
1011,2010-11-20,exterieur,Almeria,8,0,V,18,9,13,5,1,0,
1011,2010-11-29,domicile,Real Madrid,5,0,V,15,5,6,3,5,0,
1011,2010-12-04,exterieur,Osasuna,3,0,V,16,4,8,5,0,0,
1011,2010-12-12,domicile,Sociedad,5,0,V,21,2,9,11,1,0,
1011,2010-12-18,exterieur,Espanol,5,1,V,19,7,10,7,3,0,
1011,2011-01-02,domicile,Levante,2,1,V,22,4,10,12,4,0,
1011,2011-01-08,exterieur,La Coruna,4,0,V,8,7,5,7,0,0,
1011,2011-01-16,domicile,Malaga,4,1,V,13,4,9,8,1,0,
1011,2011-01-22,domicile,Santander,3,0,V,14,7,11,8,0,0,
1011,2011-01-29,exterieur,Hercules,3,0,V,22,4,8,9,1,0,
1011,2011-02-05,domicile,Ath Madrid,3,0,V,15,10,8,5,2,0,
1011,2011-02-12,exterieur,Sp Gijon,1,1,N,15,7,6,10,6,0,
1011,2011-02-20,domicile,Ath Bilbao,2,1,V,20,5,5,11,3,0,
1011,2011-02-26,exterieur,Mallorca,3,0,V,7,8,4,2,0,0,
1011,2011-03-02,exterieur,Valencia,1,0,V,20,7,8,4,1,0,
1011,2011-03-05,domicile,Zaragoza,1,0,V,23,3,12,13,1,0,
1011,2011-03-13,exterieur,Sevilla,1,1,N,12,11,6,4,2,0,
1011,2011-03-19,domicile,Getafe,2,1,V,14,8,6,5,3,0,
1011,2011-04-02,exterieur,Villarreal,1,0,V,10,7,6,8,4,0,
1011,2011-04-09,domicile,Almeria,3,1,V,14,2,4,8,3,0,
1011,2011-04-16,exterieur,Real Madrid,1,1,N,11,13,6,0,5,0,
1011,2011-04-23,domicile,Osasuna,2,0,V,11,14,2,6,2,0,
1011,2011-04-30,exterieur,Sociedad,1,2,D,13,8,7,5,1,0,
1011,2011-05-08,domicile,Espanol,2,0,V,14,6,6,8,1,0,
1011,2011-05-11,exterieur,Levante,1,1,N,10,9,2,3,1,0,
1011,2011-05-15,domicile,La Coruna,0,0,N,8,8,2,5,0,0,
1011,2011-05-21,exterieur,Malaga,3,1,V,18,13,8,8,2,0,
1112,2011-08-29,domicile,Villarreal,5,0,V,18,5,9,12,3,0,
1112,2011-09-10,exterieur,Sociedad,2,2,N,13,10,6,4,1,0,
1112,2011-09-17,domicile,Osasuna,8,0,V,18,7,14,8,1,0,
1112,2011-09-21,exterieur,Valencia,2,2,N,10,9,7,3,1,0,
1112,2011-09-24,domicile,Ath Madrid,5,0,V,18,6,8,8,1,0,
1112,2011-10-02,exterieur,Sp Gijon,1,0,V,14,4,4,5,2,0,
1112,2011-10-15,domicile,Santander,3,0,V,19,3,6,6,0,0,
1112,2011-10-22,domicile,Sevilla,0,0,N,21,6,6,13,2,0,
1112,2011-10-25,exterieur,Granada,1,0,V,17,2,7,10,4,0,
1112,2011-10-29,domicile,Mallorca,5,0,V,18,2,10,9,1,0,
1112,2011-11-06,exterieur,Ath Bilbao,2,2,N,16,4,9,5,1,0,
1112,2011-11-19,domicile,Zaragoza,4,0,V,27,4,11,6,2,0,
1112,2011-11-26,exterieur,Getafe,0,1,D,21,7,7,13,2,0,
1112,2011-11-29,domicile,Vallecano,4,0,V,12,10,6,5,2,0,
1112,2011-12-03,domicile,Levante,5,0,V,18,6,9,10,2,0,
1112,2011-12-10,exterieur,Real Madrid,3,1,V,12,17,7,5,3,0,
1112,2012-01-08,exterieur,Espanol,1,1,N,10,14,3,4,1,0,
1112,2012-01-15,domicile,Betis,4,2,V,16,10,9,5,3,0,
1112,2012-01-22,exterieur,Malaga,4,1,V,16,9,11,2,0,0,
1112,2012-01-28,exterieur,Villarreal,0,0,N,8,5,2,4,0,0,
1112,2012-02-04,domicile,Sociedad,2,1,V,18,8,9,6,0,0,
1112,2012-02-11,exterieur,Osasuna,2,3,D,20,7,8,12,6,0,
1112,2012-02-19,domicile,Valencia,5,1,V,32,3,15,11,0,0,
1112,2012-02-26,exterieur,Ath Madrid,2,1,V,7,10,3,2,5,0,
1112,2012-03-03,domicile,Sp Gijon,3,1,V,15,4,5,13,4,1,
1112,2012-03-11,exterieur,Santander,2,0,V,23,1,8,6,0,0,
1112,2012-03-17,exterieur,Sevilla,2,0,V,17,12,9,4,3,0,
1112,2012-03-20,domicile,Granada,5,3,V,18,6,8,4,2,1,
1112,2012-03-24,exterieur,Mallorca,2,0,V,18,10,6,8,1,1,
1112,2012-03-31,domicile,Ath Bilbao,2,0,V,20,4,14,10,1,0,
1112,2012-04-07,exterieur,Zaragoza,4,1,V,14,14,7,9,5,0,
1112,2012-04-10,domicile,Getafe,4,0,V,14,2,7,13,1,0,
1112,2012-04-14,exterieur,Levante,2,1,V,16,5,8,6,2,0,
1112,2012-04-21,domicile,Real Madrid,1,2,D,14,14,3,4,2,0,
1112,2012-04-29,exterieur,Vallecano,7,0,V,19,10,8,9,1,0,
1112,2012-05-02,domicile,Malaga,4,1,V,11,11,6,4,2,0,
1112,2012-05-05,domicile,Espanol,4,0,V,14,10,6,5,4,0,
1112,2012-05-12,exterieur,Betis,2,2,N,11,5,6,7,0,1,
1213,2012-08-19,domicile,Sociedad,5,1,V,18,5,10,9,2,0,
1213,2012-08-26,exterieur,Osasuna,2,1,V,15,17,10,7,3,0,
1213,2012-09-02,domicile,Valencia,1,0,V,11,4,5,5,1,0,
1213,2012-09-15,exterieur,Getafe,4,1,V,15,6,9,7,2,0,
1213,2012-09-22,domicile,Granada,2,0,V,20,6,11,14,0,0,
1213,2012-09-29,exterieur,Sevilla,3,2,V,15,8,7,7,2,0,
1213,2012-10-07,domicile,Real Madrid,2,2,N,10,10,2,7,2,0,
1213,2012-10-20,exterieur,La Coruna,5,4,V,10,13,6,1,3,1,
1213,2012-10-27,exterieur,Vallecano,5,0,V,15,18,10,4,1,0,
1213,2012-11-03,domicile,Celta,3,1,V,13,11,6,4,1,0,
1213,2012-11-11,exterieur,Mallorca,4,2,V,12,5,5,6,1,0,
1213,2012-11-17,domicile,Zaragoza,3,1,V,8,13,3,5,0,0,
1213,2012-11-25,exterieur,Levante,4,0,V,13,11,7,8,1,0,
1213,2012-12-01,domicile,Ath Bilbao,5,1,V,19,6,10,3,1,0,
1213,2012-12-09,exterieur,Betis,2,1,V,13,9,8,5,2,0,
1213,2012-12-16,domicile,Ath Madrid,4,1,V,11,8,6,9,1,0,
1213,2012-12-22,exterieur,Valladolid,3,1,V,11,5,5,4,1,0,
1213,2013-01-06,domicile,Espanol,4,0,V,19,5,8,7,0,0,
1213,2013-01-13,exterieur,Malaga,3,1,V,12,7,4,5,2,0,
1213,2013-01-19,exterieur,Sociedad,2,3,D,8,14,3,6,2,1,
1213,2013-01-27,domicile,Osasuna,5,1,V,19,3,9,8,1,0,
1213,2013-02-03,exterieur,Valencia,1,1,N,10,17,2,5,1,0,
1213,2013-02-10,domicile,Getafe,6,1,V,17,6,9,4,1,0,
1213,2013-02-16,exterieur,Granada,2,1,V,17,6,8,1,1,0,
1213,2013-02-23,domicile,Sevilla,2,1,V,17,7,3,10,0,0,
1213,2013-03-02,exterieur,Real Madrid,1,2,D,5,14,2,1,6,1,
1213,2013-03-09,domicile,La Coruna,2,0,V,12,4,7,2,2,0,
1213,2013-03-17,domicile,Vallecano,3,1,V,19,17,7,6,1,0,
1213,2013-03-30,exterieur,Celta,2,2,N,8,8,3,9,3,0,
1213,2013-04-06,domicile,Mallorca,5,0,V,22,13,9,5,1,0,
1213,2013-04-14,exterieur,Zaragoza,3,0,V,11,12,6,7,2,0,
1213,2013-04-20,domicile,Levante,1,0,V,18,4,9,11,1,0,
1213,2013-04-27,exterieur,Ath Bilbao,2,2,N,15,7,6,1,2,0,
1213,2013-05-05,domicile,Betis,4,2,V,19,5,10,7,1,0,
1213,2013-05-12,exterieur,Ath Madrid,2,1,V,11,12,3,2,2,0,
1213,2013-05-19,domicile,Valladolid,2,1,V,16,5,4,14,0,0,
1213,2013-05-26,exterieur,Espanol,2,0,V,10,6,4,5,2,0,
1213,2013-06-01,domicile,Malaga,4,1,V,10,11,6,9,0,0,
1314,2013-08-18,domicile,Levante,7,0,V,22,4,13,9,1,0,
1314,2013-08-25,exterieur,Malaga,1,0,V,15,9,11,11,2,0,
1314,2013-09-01,exterieur,Valencia,3,2,V,20,16,9,7,3,0,
1314,2013-09-14,domicile,Sevilla,3,2,V,19,7,10,6,2,0,
1314,2013-09-21,exterieur,Vallecano,4,0,V,14,14,8,14,1,0,
1314,2013-09-24,domicile,Sociedad,4,1,V,23,9,9,6,0,0,
1314,2013-09-28,exterieur,Almeria,2,0,V,15,5,4,3,2,0,
1314,2013-10-05,domicile,Valladolid,4,1,V,21,7,8,7,0,0,
1314,2013-10-19,exterieur,Osasuna,0,0,N,12,4,3,5,2,0,
1314,2013-10-26,domicile,Real Madrid,2,1,V,12,10,5,4,2,0,
1314,2013-10-29,exterieur,Celta,3,0,V,20,12,8,7,1,0,
1314,2013-11-01,domicile,Espanol,1,0,V,19,8,5,9,1,0,
1314,2013-11-10,exterieur,Betis,4,1,V,11,16,8,0,2,0,
1314,2013-11-23,domicile,Granada,4,0,V,13,10,8,3,2,0,
1314,2013-12-01,exterieur,Ath Bilbao,0,1,D,11,15,2,5,4,0,
1314,2013-12-14,domicile,Villarreal,2,1,V,13,3,7,7,1,0,
1314,2013-12-22,exterieur,Getafe,5,2,V,15,12,7,1,3,0,
1314,2014-01-05,domicile,Elche,4,0,V,13,3,6,1,2,0,
1314,2014-01-11,exterieur,Ath Madrid,0,0,N,9,6,2,6,3,0,
1314,2014-01-19,exterieur,Levante,1,1,N,17,7,6,8,1,0,
1314,2014-01-26,domicile,Malaga,3,0,V,23,4,10,15,1,0,
1314,2014-02-01,domicile,Valencia,2,3,D,20,8,5,9,2,1,
1314,2014-02-09,exterieur,Sevilla,4,1,V,9,15,5,0,3,0,
1314,2014-02-15,domicile,Vallecano,6,0,V,21,9,10,12,0,0,
1314,2014-02-22,exterieur,Sociedad,1,3,D,12,15,3,13,3,0,
1314,2014-03-02,domicile,Almeria,4,1,V,29,6,11,13,1,0,
1314,2014-03-08,exterieur,Valladolid,0,1,D,13,7,6,3,1,0,
1314,2014-03-16,domicile,Osasuna,7,0,V,20,6,11,4,1,0,
1314,2014-03-23,exterieur,Real Madrid,4,3,V,18,13,6,5,2,0,
1314,2014-03-26,domicile,Celta,3,0,V,14,8,6,4,2,0,
1314,2014-03-29,exterieur,Espanol,1,0,V,20,8,8,11,2,0,
1314,2014-04-05,domicile,Betis,3,1,V,12,12,4,4,0,0,
1314,2014-04-12,exterieur,Granada,0,1,D,29,5,9,13,3,0,
1314,2014-04-20,domicile,Ath Bilbao,2,1,V,17,11,8,9,2,0,
1314,2014-04-27,exterieur,Villarreal,3,2,V,20,5,7,9,3,0,
1314,2014-05-03,domicile,Getafe,2,2,N,21,8,8,11,3,0,
1314,2014-05-11,exterieur,Elche,0,0,N,20,6,6,11,3,0,
1314,2014-05-17,domicile,Ath Madrid,1,1,N,11,12,4,4,5,0,
1415,2014-08-24,domicile,Elche,3,0,V,12,3,6,3,0,1,
1415,2014-08-31,exterieur,Villarreal,1,0,V,20,9,8,10,2,0,
1415,2014-09-13,domicile,Ath Bilbao,2,0,V,15,3,8,5,1,0,
1415,2014-09-21,exterieur,Levante,5,0,V,17,9,8,6,2,0,
1415,2014-09-24,exterieur,Malaga,0,0,N,10,6,0,8,2,0,
1415,2014-09-27,domicile,Granada,6,0,V,19,9,12,8,1,0,
1415,2014-10-04,exterieur,Vallecano,2,0,V,18,14,7,7,2,0,
1415,2014-10-18,domicile,Eibar,3,0,V,27,4,12,12,2,0,
1415,2014-10-25,exterieur,Real Madrid,1,3,D,16,18,5,9,4,0,
1415,2014-11-01,domicile,Celta,0,1,D,19,10,9,9,1,0,
1415,2014-11-08,exterieur,Almeria,2,1,V,18,6,6,5,0,0,
1415,2014-11-22,domicile,Sevilla,5,1,V,16,2,10,5,1,0,
1415,2014-11-30,exterieur,Valencia,1,0,V,7,12,1,5,3,0,
1415,2014-12-07,domicile,Espanol,5,1,V,15,3,7,5,0,0,
1415,2014-12-13,exterieur,Getafe,0,0,N,23,4,2,5,0,0,
1415,2014-12-20,domicile,Cordoba,5,0,V,16,7,9,8,1,0,
1415,2015-01-04,exterieur,Sociedad,0,1,D,17,6,4,8,4,0,
1415,2015-01-11,domicile,Ath Madrid,3,1,V,17,5,7,1,3,0,
1415,2015-01-18,exterieur,La Coruna,4,0,V,14,7,6,4,2,0,
1415,2015-01-24,exterieur,Elche,6,0,V,12,6,8,3,2,0,
1415,2015-02-01,domicile,Villarreal,3,2,V,19,9,7,8,1,0,
1415,2015-02-08,exterieur,Ath Bilbao,5,2,V,19,15,11,4,1,0,
1415,2015-02-15,domicile,Levante,5,0,V,18,5,10,3,1,0,
1415,2015-02-21,domicile,Malaga,0,1,D,11,11,5,11,4,0,
1415,2015-02-28,exterieur,Granada,3,1,V,16,10,9,5,3,0,
1415,2015-03-08,domicile,Vallecano,6,1,V,19,7,12,4,3,1,
1415,2015-03-14,exterieur,Eibar,2,0,V,12,13,4,3,0,0,
1415,2015-03-22,domicile,Real Madrid,2,1,V,17,13,5,7,5,0,
1415,2015-04-05,exterieur,Celta,1,0,V,12,7,3,3,2,0,
1415,2015-04-08,domicile,Almeria,4,0,V,19,6,12,14,1,0,
1415,2015-04-11,exterieur,Sevilla,2,2,N,17,11,7,4,2,0,
1415,2015-04-18,domicile,Valencia,2,0,V,11,11,5,6,4,0,
1415,2015-04-25,exterieur,Espanol,2,0,V,12,7,5,3,1,1,
1415,2015-04-28,domicile,Getafe,6,0,V,21,7,12,5,0,0,
1415,2015-05-02,exterieur,Cordoba,8,0,V,27,5,11,8,0,0,
1415,2015-05-09,domicile,Sociedad,2,0,V,15,5,8,10,1,0,
1415,2015-05-17,exterieur,Ath Madrid,1,0,V,15,10,5,5,3,0,
1415,2015-05-23,domicile,La Coruna,2,2,N,18,10,7,4,1,0,
1516,2015-08-23,exterieur,Ath Bilbao,1,0,V,10,8,4,4,3,0,
1516,2015-08-29,domicile,Malaga,1,0,V,22,4,13,15,0,0,
1516,2015-09-12,exterieur,Ath Madrid,2,1,V,13,11,5,10,1,0,
1516,2015-09-20,domicile,Levante,4,1,V,21,11,8,4,0,0,
1516,2015-09-23,exterieur,Celta,1,4,D,18,18,7,10,2,0,
1516,2015-09-26,domicile,Las Palmas,2,1,V,18,10,6,3,2,0,
1516,2015-10-03,exterieur,Sevilla,1,2,D,28,12,9,9,3,0,
1516,2015-10-17,domicile,Vallecano,5,2,V,14,22,9,7,1,0,
1516,2015-10-25,domicile,Eibar,3,1,V,14,7,5,6,3,1,
1516,2015-10-31,exterieur,Getafe,2,0,V,14,6,6,5,0,0,
1516,2015-11-08,domicile,Villarreal,3,0,V,20,5,9,7,5,0,
1516,2015-11-21,exterieur,Real Madrid,4,0,V,18,13,7,4,2,0,
1516,2015-11-28,domicile,Sociedad,4,0,V,11,10,6,6,0,0,
1516,2015-12-05,exterieur,Valencia,1,1,N,16,10,5,6,1,0,
1516,2015-12-12,domicile,La Coruna,2,2,N,17,13,7,6,0,0,
1516,2015-12-30,domicile,Betis,4,0,V,16,11,7,2,1,0,
1516,2016-01-02,exterieur,Espanol,0,0,N,10,4,2,10,3,0,
1516,2016-01-09,domicile,Granada,4,0,V,17,8,8,7,1,0,
1516,2016-01-17,domicile,Ath Bilbao,6,0,V,20,9,8,6,2,0,
1516,2016-01-23,exterieur,Malaga,2,1,V,12,15,6,3,3,0,
1516,2016-01-30,domicile,Ath Madrid,2,1,V,10,7,4,8,0,0,
1516,2016-02-07,exterieur,Levante,2,0,V,11,11,4,5,3,0,
1516,2016-02-14,domicile,Celta,6,1,V,19,10,11,1,0,0,
1516,2016-02-17,exterieur,Sp Gijon,3,1,V,17,6,8,4,1,0,
1516,2016-02-20,exterieur,Las Palmas,2,1,V,13,16,8,6,2,0,
1516,2016-02-28,domicile,Sevilla,2,1,V,17,11,8,6,3,0,
1516,2016-03-03,exterieur,Vallecano,5,1,V,20,8,8,5,2,0,
1516,2016-03-06,exterieur,Eibar,4,0,V,9,7,7,2,2,0,
1516,2016-03-12,domicile,Getafe,6,0,V,16,6,9,5,0,0,
1516,2016-03-20,exterieur,Villarreal,2,2,N,15,15,6,4,4,0,
1516,2016-04-02,domicile,Real Madrid,1,2,D,14,14,3,4,3,0,
1516,2016-04-09,exterieur,Sociedad,0,1,D,13,5,6,9,3,0,
1516,2016-04-17,domicile,Valencia,1,2,D,22,7,7,7,3,0,
1516,2016-04-20,exterieur,La Coruna,8,0,V,19,16,10,2,0,0,
1516,2016-04-23,domicile,Sp Gijon,6,0,V,24,5,10,6,0,0,
1516,2016-04-30,exterieur,Betis,2,0,V,11,2,4,4,3,0,
1516,2016-05-08,domicile,Espanol,5,0,V,13,4,7,8,2,0,
1516,2016-05-14,exterieur,Granada,3,0,V,12,8,10,6,2,0,
1617,2016-08-20,domicile,Betis,6,2,V,30,6,12,10,1,0,
1617,2016-08-28,exterieur,Ath Bilbao,1,0,V,12,9,3,4,4,0,
1617,2016-09-10,domicile,Alaves,1,2,D,16,5,2,13,1,0,
1617,2016-09-17,exterieur,Leganes,5,1,V,10,15,7,5,2,0,
1617,2016-09-21,domicile,Ath Madrid,1,1,N,19,9,7,8,2,0,
1617,2016-09-24,exterieur,Sp Gijon,5,0,V,13,10,7,3,0,0,
1617,2016-10-02,exterieur,Celta,3,4,D,13,14,4,6,3,0,
1617,2016-10-15,domicile,La Coruna,4,0,V,25,7,8,8,1,0,
1617,2016-10-22,exterieur,Valencia,3,2,V,15,7,8,1,4,0,
1617,2016-10-29,domicile,Granada,1,0,V,15,1,5,8,1,0,
1617,2016-11-06,exterieur,Sevilla,2,1,V,14,15,7,5,6,0,
1617,2016-11-19,domicile,Malaga,0,0,N,28,4,8,14,0,0,
1617,2016-11-27,exterieur,Sociedad,1,1,N,10,17,2,6,4,0,
1617,2016-12-03,domicile,Real Madrid,1,1,N,11,14,2,5,4,0,
1617,2016-12-10,exterieur,Osasuna,3,0,V,17,4,6,5,0,0,
1617,2016-12-18,domicile,Espanol,4,1,V,14,4,7,5,0,0,
1617,2017-01-08,exterieur,Villarreal,1,1,N,20,6,7,4,2,0,
1617,2017-01-14,domicile,Las Palmas,5,0,V,22,7,10,5,3,0,
1617,2017-01-22,exterieur,Eibar,4,0,V,14,14,7,5,1,0,
1617,2017-01-29,exterieur,Betis,1,1,N,10,17,4,2,3,0,
1617,2017-02-04,domicile,Ath Bilbao,3,0,V,16,10,6,7,1,0,
1617,2017-02-11,exterieur,Alaves,6,0,V,21,9,9,9,3,0,
1617,2017-02-19,domicile,Leganes,2,1,V,13,11,6,4,1,0,
1617,2017-02-26,exterieur,Ath Madrid,2,1,V,15,12,6,5,2,0,
1617,2017-03-01,domicile,Sp Gijon,6,1,V,25,5,9,10,1,0,
1617,2017-03-04,domicile,Celta,5,0,V,19,7,9,10,1,0,
1617,2017-03-12,exterieur,La Coruna,1,2,D,16,14,5,8,0,0,
1617,2017-03-19,domicile,Valencia,4,2,V,28,6,12,6,3,0,
1617,2017-04-02,exterieur,Granada,4,1,V,26,7,13,9,3,0,
1617,2017-04-05,domicile,Sevilla,3,0,V,15,7,7,4,4,0,
1617,2017-04-08,exterieur,Malaga,0,2,D,11,8,3,3,3,1,
1617,2017-04-15,domicile,Sociedad,3,2,V,16,14,9,5,3,0,
1617,2017-04-23,exterieur,Real Madrid,3,2,V,16,22,9,4,2,0,
1617,2017-04-26,domicile,Osasuna,7,1,V,19,3,9,10,0,0,
1617,2017-04-29,exterieur,Espanol,3,0,V,15,6,9,5,0,0,
1617,2017-05-06,domicile,Villarreal,4,1,V,20,8,8,4,2,0,
1617,2017-05-14,exterieur,Las Palmas,4,1,V,11,11,5,6,1,0,
1617,2017-05-21,domicile,Eibar,4,2,V,18,6,11,10,1,0,
1718,2017-08-20,domicile,Betis,2,0,V,15,3,2,8,2,0,
1718,2017-08-26,exterieur,Alaves,2,0,V,23,11,11,14,3,0,
1718,2017-09-09,domicile,Espanol,5,0,V,20,9,9,8,1,0,
1718,2017-09-16,exterieur,Getafe,2,1,V,7,13,5,4,4,0,
1718,2017-09-19,domicile,Eibar,6,1,V,11,13,10,7,0,0,
1718,2017-09-23,exterieur,Girona,3,0,V,9,13,5,3,0,0,
1718,2017-10-01,domicile,Las Palmas,3,0,V,22,10,10,8,5,0,
1718,2017-10-14,exterieur,Ath Madrid,1,1,N,15,5,7,1,2,0,
1718,2017-10-21,domicile,Malaga,2,0,V,12,13,4,4,1,0,
1718,2017-10-28,exterieur,Ath Bilbao,2,0,V,17,17,5,4,4,0,
1718,2017-11-04,domicile,Sevilla,2,1,V,18,8,6,3,1,0,
1718,2017-11-18,exterieur,Leganes,3,0,V,11,18,7,3,2,0,
1718,2017-11-26,exterieur,Valencia,1,1,N,12,8,8,9,0,0,
1718,2017-12-02,domicile,Celta,2,2,N,21,10,7,4,3,0,
1718,2017-12-10,exterieur,Villarreal,2,0,V,16,9,6,4,1,0,
1718,2017-12-17,domicile,La Coruna,4,0,V,23,10,11,6,0,0,
1718,2017-12-23,exterieur,Real Madrid,3,0,V,18,14,11,7,2,0,
1718,2018-01-07,domicile,Levante,3,0,V,16,9,8,3,0,0,
1718,2018-01-14,exterieur,Sociedad,4,2,V,11,15,5,3,2,0,
1718,2018-01-21,exterieur,Betis,5,0,V,14,7,10,2,2,0,
1718,2018-01-28,domicile,Alaves,2,1,V,18,7,12,8,0,0,
1718,2018-02-04,exterieur,Espanol,1,1,N,12,7,2,7,3,0,
1718,2018-02-11,domicile,Getafe,0,0,N,12,10,6,9,2,0,
1718,2018-02-17,exterieur,Eibar,2,0,V,10,13,6,0,1,0,
1718,2018-02-24,domicile,Girona,6,1,V,21,10,14,5,1,0,
1718,2018-03-01,exterieur,Las Palmas,1,1,N,10,12,4,6,3,0,
1718,2018-03-04,domicile,Ath Madrid,1,0,V,16,6,5,12,2,0,
1718,2018-03-10,exterieur,Malaga,2,0,V,20,6,9,5,1,0,
1718,2018-03-18,domicile,Ath Bilbao,2,0,V,18,10,9,6,2,0,
1718,2018-03-31,exterieur,Sevilla,2,2,N,20,21,9,9,0,0,
1718,2018-04-07,domicile,Leganes,3,1,V,12,11,6,5,2,0,
1718,2018-04-14,domicile,Valencia,2,1,V,12,17,7,6,2,0,
1718,2018-04-17,exterieur,Celta,2,2,N,14,18,6,4,0,1,
1718,2018-04-29,exterieur,La Coruna,4,2,V,21,17,9,7,1,0,
1718,2018-05-06,domicile,Real Madrid,2,2,N,11,17,4,6,3,1,
1718,2018-05-09,domicile,Villarreal,5,1,V,12,20,6,4,0,0,
1718,2018-05-13,exterieur,Levante,4,5,D,18,12,7,8,6,0,
1718,2018-05-20,domicile,Sociedad,1,0,V,12,13,4,3,3,0,
1819,2018-08-18,domicile,Alaves,3,0,V,25,3,9,7,0,0,
1819,2018-08-25,exterieur,Valladolid,1,0,V,10,7,5,10,1,0,
1819,2018-09-02,domicile,Huesca,8,2,V,31,7,15,9,1,0,
1819,2018-09-15,exterieur,Sociedad,2,1,V,12,8,6,6,1,0,
1819,2018-09-23,domicile,Girona,2,2,N,22,7,11,8,3,1,
1819,2018-09-26,exterieur,Leganes,1,2,D,9,10,5,5,2,0,
1819,2018-09-29,domicile,Ath Bilbao,1,1,N,20,8,8,4,3,0,
1819,2018-10-07,exterieur,Valencia,1,1,N,10,10,5,2,2,0,
1819,2018-10-20,domicile,Sevilla,4,2,V,23,19,9,5,0,0,
1819,2018-10-28,domicile,Real Madrid,5,1,V,13,15,8,4,2,0,
1819,2018-11-03,exterieur,Vallecano,3,2,V,9,11,5,1,2,0,
1819,2018-11-11,domicile,Betis,3,4,D,20,15,5,10,4,1,
1819,2018-11-24,exterieur,Ath Madrid,1,1,N,8,3,2,8,3,0,
1819,2018-12-02,domicile,Villarreal,2,0,V,16,12,7,11,2,0,
1819,2018-12-08,exterieur,Espanol,4,0,V,17,15,9,4,0,0,
1819,2018-12-16,exterieur,Levante,5,0,V,16,20,9,3,3,0,
1819,2018-12-22,domicile,Celta,2,0,V,9,11,5,4,0,0,
1819,2019-01-06,exterieur,Getafe,2,1,V,12,10,8,4,3,0,
1819,2019-01-13,domicile,Eibar,3,0,V,7,15,6,2,2,0,
1819,2019-01-20,domicile,Leganes,3,1,V,15,5,7,5,3,0,
1819,2019-01-27,exterieur,Girona,2,0,V,15,13,7,8,3,0,
1819,2019-02-02,domicile,Valencia,2,2,N,20,14,8,9,3,0,
1819,2019-02-10,exterieur,Ath Bilbao,0,0,N,10,13,2,4,2,0,
1819,2019-02-16,domicile,Valladolid,1,0,V,20,10,8,3,1,0,
1819,2019-02-23,exterieur,Sevilla,4,2,V,17,13,8,8,1,0,
1819,2019-03-02,exterieur,Real Madrid,1,0,V,10,17,4,6,2,0,
1819,2019-03-09,domicile,Vallecano,3,1,V,12,8,6,10,1,0,
1819,2019-03-17,exterieur,Betis,4,1,V,16,13,9,7,2,0,
1819,2019-03-30,domicile,Espanol,2,0,V,13,4,3,5,0,0,
1819,2019-04-02,exterieur,Villarreal,4,4,N,15,16,9,3,7,0,
1819,2019-04-06,domicile,Ath Madrid,2,0,V,21,9,10,5,3,0,
1819,2019-04-13,exterieur,Huesca,0,0,N,10,6,2,5,2,0,
1819,2019-04-20,domicile,Sociedad,2,1,V,11,9,4,4,0,0,
1819,2019-04-23,exterieur,Alaves,2,0,V,17,6,6,4,1,0,
1819,2019-04-27,domicile,Levante,1,0,V,23,7,12,6,4,0,
1819,2019-05-04,exterieur,Celta,0,2,D,8,14,1,1,5,0,
1819,2019-05-12,domicile,Getafe,2,0,V,13,11,8,4,1,0,
1819,2019-05-19,exterieur,Eibar,2,2,N,6,15,3,2,2,0,
1920,2019-08-16,exterieur,Ath Bilbao,0,1,D,11,11,2,8,1,0,
1920,2019-08-25,domicile,Betis,5,2,V,20,4,7,11,1,0,
1920,2019-08-31,exterieur,Osasuna,2,2,N,8,15,4,2,4,0,
1920,2019-09-14,domicile,Valencia,5,2,V,17,9,10,2,1,0,
1920,2019-09-21,exterieur,Granada,0,2,D,8,9,1,5,2,0,
1920,2019-09-24,domicile,Villarreal,2,1,V,8,11,4,6,4,0,
1920,2019-09-28,exterieur,Getafe,2,0,V,10,8,6,1,4,1,
1920,2019-10-06,domicile,Sevilla,4,0,V,15,16,8,7,5,2,
1920,2019-10-19,exterieur,Eibar,3,0,V,9,5,4,2,0,0,
1920,2019-10-29,domicile,Valladolid,5,1,V,18,9,9,6,0,0,
1920,2019-11-02,exterieur,Levante,1,3,D,9,9,6,3,6,0,
1920,2019-11-09,domicile,Celta,4,1,V,10,6,7,2,4,0,
1920,2019-11-23,exterieur,Leganes,2,1,V,11,9,6,6,2,0,
1920,2019-12-01,exterieur,Ath Madrid,1,0,V,13,17,5,5,4,0,
1920,2019-12-07,domicile,Mallorca,5,2,V,25,9,17,8,3,0,
1920,2019-12-14,exterieur,Sociedad,2,2,N,9,19,5,5,1,0,
1920,2019-12-18,domicile,Real Madrid,0,0,N,9,17,2,2,3,0,
1920,2019-12-21,domicile,Alaves,4,1,V,8,5,4,3,2,0,
1920,2020-01-04,exterieur,Espanol,2,2,N,14,8,7,5,2,1,
1920,2020-01-19,domicile,Granada,1,0,V,18,5,6,7,0,0,
1920,2020-01-25,exterieur,Valencia,0,2,D,14,8,5,0,3,0,
1920,2020-02-02,domicile,Levante,2,1,V,23,10,9,8,2,0,
1920,2020-02-09,exterieur,Betis,3,2,V,10,7,6,8,5,1,
1920,2020-02-15,domicile,Getafe,2,1,V,12,7,5,2,3,0,
1920,2020-02-22,domicile,Eibar,5,0,V,13,12,11,5,0,0,
1920,2020-03-01,exterieur,Real Madrid,0,2,D,9,13,4,2,2,0,
1920,2020-03-07,domicile,Sociedad,1,0,V,13,9,6,4,4,0,
1920,2020-06-13,exterieur,Mallorca,4,0,V,12,13,7,3,2,0,
1920,2020-06-16,domicile,Leganes,2,0,V,10,6,5,3,5,0,
1920,2020-06-19,exterieur,Sevilla,0,0,N,10,8,4,9,2,0,
1920,2020-06-23,domicile,Ath Bilbao,1,0,V,18,6,4,6,2,0,
1920,2020-06-27,exterieur,Celta,2,2,N,18,10,2,8,4,0,
1920,2020-06-30,domicile,Ath Madrid,2,2,N,12,10,5,3,3,0,
1920,2020-07-05,exterieur,Villarreal,4,1,V,18,11,12,6,0,0,
1920,2020-07-08,domicile,Espanol,1,0,V,9,11,2,6,0,1,
1920,2020-07-11,exterieur,Valladolid,1,0,V,9,13,6,5,2,0,
1920,2020-07-16,domicile,Osasuna,1,2,D,19,9,3,10,4,0,
1920,2020-07-19,exterieur,Alaves,5,0,V,16,8,8,1,0,0,
2021,2020-09-27,domicile,Villarreal,4,0,V,17,5,9,8,0,0,
2021,2020-10-01,exterieur,Celta,3,0,V,6,10,3,7,5,1,
2021,2020-10-04,domicile,Sevilla,1,1,N,12,13,5,6,1,0,
2021,2020-10-17,exterieur,Getafe,0,1,D,7,9,1,2,3,0,
2021,2020-10-24,domicile,Real Madrid,1,3,D,10,15,4,7,3,0,
2021,2020-10-31,exterieur,Alaves,1,1,N,25,4,9,14,3,0,
2021,2020-11-07,domicile,Betis,5,2,V,18,12,9,9,2,0,
2021,2020-11-21,exterieur,Ath Madrid,0,1,D,13,9,4,8,0,0,
2021,2020-11-29,domicile,Osasuna,4,0,V,20,10,11,5,1,0,
2021,2020-12-05,exterieur,Cadiz,1,2,D,21,7,8,13,2,0,
2021,2020-12-13,domicile,Levante,1,0,V,24,7,13,12,2,0,
2021,2020-12-16,domicile,Sociedad,2,1,V,14,12,4,2,3,0,
2021,2020-12-19,domicile,Valencia,2,2,N,25,12,9,8,4,0,
2021,2020-12-22,exterieur,Valladolid,3,0,V,21,12,10,5,2,0,
2021,2020-12-29,domicile,Eibar,1,1,N,16,9,5,5,0,0,
2021,2021-01-03,exterieur,Huesca,1,0,V,20,4,7,6,0,0,
2021,2021-01-06,exterieur,Ath Bilbao,3,2,V,13,8,9,4,1,0,
2021,2021-01-09,exterieur,Granada,4,0,V,13,8,4,1,3,0,
2021,2021-01-24,exterieur,Elche,2,0,V,15,4,8,7,2,0,
2021,2021-01-31,domicile,Ath Bilbao,2,1,V,12,7,6,7,2,0,
2021,2021-02-07,exterieur,Betis,3,2,V,12,8,4,5,3,0,
2021,2021-02-13,domicile,Alaves,5,1,V,17,6,9,5,0,0,
2021,2021-02-21,domicile,Cadiz,1,1,N,20,3,4,8,0,0,
2021,2021-02-24,domicile,Elche,3,0,V,9,6,5,6,0,0,
2021,2021-02-27,exterieur,Sevilla,2,0,V,9,4,5,3,2,0,
2021,2021-03-06,exterieur,Osasuna,2,0,V,13,10,6,4,2,0,
2021,2021-03-15,domicile,Huesca,4,1,V,12,8,5,7,0,0,
2021,2021-03-21,exterieur,Sociedad,6,1,V,14,10,10,1,2,0,
2021,2021-04-05,domicile,Valladolid,1,0,V,25,7,10,4,3,0,
2021,2021-04-10,exterieur,Real Madrid,1,2,D,18,14,4,6,4,0,
2021,2021-04-22,domicile,Getafe,5,2,V,9,5,6,3,2,0,
2021,2021-04-25,exterieur,Villarreal,2,1,V,15,10,5,1,3,0,
2021,2021-04-29,domicile,Granada,1,2,D,16,6,4,6,0,0,
2021,2021-05-02,exterieur,Valencia,3,2,V,14,9,7,1,1,0,
2021,2021-05-08,domicile,Ath Madrid,0,0,N,12,11,7,5,3,0,
2021,2021-05-11,exterieur,Levante,3,3,N,17,16,5,6,2,0,
2021,2021-05-16,domicile,Celta,1,2,D,20,4,4,7,3,1,
2021,2021-05-22,exterieur,Eibar,1,0,V,7,17,3,3,3,0,
2122,2021-08-15,domicile,Sociedad,4,2,V,13,11,8,5,2,0,
2122,2021-08-21,exterieur,Ath Bilbao,1,1,N,9,16,3,2,2,1,
2122,2021-08-29,domicile,Getafe,2,1,V,7,8,3,3,3,0,
2122,2021-09-20,domicile,Granada,1,1,N,17,5,6,12,3,0,
2122,2021-09-23,exterieur,Cadiz,0,0,N,6,13,2,5,4,1,
2122,2021-09-26,domicile,Levante,3,0,V,20,6,12,11,1,0,
2122,2021-10-02,exterieur,Ath Madrid,0,2,D,9,6,2,6,1,0,
2122,2021-10-17,domicile,Valencia,3,1,V,12,9,5,9,2,0,
2122,2021-10-24,domicile,Real Madrid,1,2,D,12,10,2,7,1,0,
2122,2021-10-27,exterieur,Vallecano,0,1,D,16,13,1,7,2,0,
2122,2021-10-30,domicile,Alaves,1,1,N,16,3,5,9,0,0,
2122,2021-11-06,exterieur,Celta,3,3,N,10,18,6,1,6,0,
2122,2021-11-20,domicile,Espanol,1,0,V,16,12,6,4,4,0,
2122,2021-11-27,exterieur,Villarreal,3,1,V,12,14,6,4,2,0,
2122,2021-12-04,domicile,Betis,0,1,D,12,8,3,6,1,0,
2122,2021-12-12,exterieur,Osasuna,2,2,N,10,8,2,5,4,0,
2122,2021-12-18,domicile,Elche,3,2,V,19,5,8,5,1,0,
2122,2021-12-21,exterieur,Sevilla,1,1,N,23,5,7,9,3,0,
2122,2022-01-02,exterieur,Mallorca,1,0,V,13,13,4,3,2,0,
2122,2022-01-08,exterieur,Granada,1,1,N,13,14,1,2,5,1,
2122,2022-01-23,exterieur,Alaves,1,0,V,10,6,4,10,0,0,
2122,2022-02-06,domicile,Ath Madrid,4,2,V,9,10,4,3,2,1,
2122,2022-02-13,exterieur,Espanol,2,2,N,12,10,4,5,4,1,
2122,2022-02-20,exterieur,Valencia,4,1,V,6,11,6,3,4,0,
2122,2022-02-27,domicile,Ath Bilbao,4,0,V,17,6,7,5,2,0,
2122,2022-03-06,exterieur,Elche,2,1,V,20,13,9,6,6,0,
2122,2022-03-13,domicile,Osasuna,4,0,V,24,4,9,5,0,0,
2122,2022-03-20,exterieur,Real Madrid,4,0,V,18,14,10,3,4,0,
2122,2022-04-03,domicile,Sevilla,1,0,V,19,8,6,9,3,0,
2122,2022-04-10,exterieur,Levante,3,2,V,14,11,7,3,1,0,
2122,2022-04-18,domicile,Cadiz,0,1,D,18,6,6,8,4,0,
2122,2022-04-21,exterieur,Sociedad,1,0,V,11,8,1,3,2,0,
2122,2022-04-24,domicile,Vallecano,0,1,D,18,3,5,9,4,0,
2122,2022-05-01,domicile,Mallorca,2,1,V,17,6,5,5,2,0,
2122,2022-05-07,exterieur,Betis,2,1,V,11,14,5,8,2,0,
2122,2022-05-10,domicile,Celta,3,1,V,10,13,4,2,3,0,
2122,2022-05-15,exterieur,Getafe,0,0,N,5,9,1,5,2,0,
2122,2022-05-22,domicile,Villarreal,0,2,D,14,4,3,12,3,0,
2223,2022-08-13,domicile,Vallecano,0,0,N,21,4,6,8,3,1,
2223,2022-08-21,exterieur,Sociedad,4,1,V,15,10,7,6,1,0,
2223,2022-08-28,domicile,Valladolid,4,0,V,24,8,9,14,0,0,
2223,2022-09-03,exterieur,Sevilla,3,0,V,18,9,7,4,4,0,
2223,2022-09-10,exterieur,Cadiz,4,0,V,16,6,8,6,2,0,
2223,2022-09-17,domicile,Elche,3,0,V,25,1,9,6,2,0,
2223,2022-10-01,exterieur,Mallorca,1,0,V,11,13,3,5,4,0,
2223,2022-10-09,domicile,Celta,1,0,V,13,14,5,6,2,0,
2223,2022-10-16,exterieur,Real Madrid,1,3,D,18,8,5,3,2,0,
2223,2022-10-20,domicile,Villarreal,3,0,V,16,5,5,8,0,0,
2223,2022-10-23,domicile,Ath Bilbao,4,0,V,10,5,7,1,2,0,
2223,2022-10-29,exterieur,Valencia,1,0,V,13,3,2,10,5,0,
2223,2022-11-05,domicile,Almeria,2,0,V,27,4,13,9,2,0,
2223,2022-11-08,exterieur,Osasuna,2,1,V,9,15,3,5,4,2,
2223,2022-12-31,domicile,Espanol,1,1,N,21,4,6,10,6,1,
2223,2023-01-08,exterieur,Ath Madrid,1,0,V,10,20,2,4,3,1,
2223,2023-01-22,domicile,Getafe,1,0,V,8,7,4,4,1,0,
2223,2023-01-28,exterieur,Girona,1,0,V,8,8,3,2,3,0,
2223,2023-02-01,exterieur,Betis,2,1,V,13,5,3,6,0,0,
2223,2023-02-05,domicile,Sevilla,3,0,V,16,3,7,8,0,0,
2223,2023-02-12,exterieur,Villarreal,1,0,V,7,11,4,2,4,0,
2223,2023-02-19,domicile,Cadiz,2,0,V,16,14,5,5,2,0,
2223,2023-02-26,exterieur,Almeria,0,1,D,14,7,1,7,3,0,
2223,2023-03-05,domicile,Valencia,1,0,V,13,13,4,5,0,1,
2223,2023-03-12,exterieur,Ath Bilbao,1,0,V,10,15,2,3,1,0,
2223,2023-03-19,domicile,Real Madrid,2,1,V,17,11,7,8,4,0,
2223,2023-04-01,exterieur,Elche,4,0,V,12,15,6,3,3,0,
2223,2023-04-10,domicile,Girona,0,0,N,18,5,3,12,0,0,
2223,2023-04-16,exterieur,Getafe,0,0,N,15,5,3,5,1,0,
2223,2023-04-23,domicile,Ath Madrid,1,0,V,13,13,4,3,4,0,
2223,2023-04-26,exterieur,Vallecano,1,2,D,10,9,5,9,4,0,
2223,2023-04-29,domicile,Betis,4,0,V,15,4,8,10,0,0,
2223,2023-05-02,domicile,Osasuna,1,0,V,21,7,4,11,0,0,
2223,2023-05-14,exterieur,Espanol,4,2,V,15,15,5,3,3,0,
2223,2023-05-20,domicile,Sociedad,1,2,D,13,13,4,8,4,0,
2223,2023-05-23,exterieur,Valladolid,1,3,D,16,8,6,6,0,0,
2223,2023-05-28,domicile,Mallorca,3,0,V,28,3,9,14,0,0,
2223,2023-06-04,exterieur,Celta,1,2,D,9,12,2,4,2,0,
2324,2023-08-13,exterieur,Getafe,0,0,N,14,5,4,4,2,1,
2324,2023-08-20,domicile,Cadiz,2,0,V,23,10,10,10,4,0,
2324,2023-08-27,exterieur,Villarreal,4,3,V,21,13,11,6,3,0,
2324,2023-09-03,exterieur,Osasuna,2,1,V,9,11,4,5,3,0,
2324,2023-09-16,domicile,Betis,5,0,V,17,11,9,9,1,0,
2324,2023-09-23,domicile,Celta,3,2,V,15,13,6,2,2,0,
2324,2023-09-26,exterieur,Mallorca,2,2,N,10,10,4,2,1,0,
2324,2023-09-29,domicile,Sevilla,1,0,V,18,12,5,13,2,0,
2324,2023-10-08,exterieur,Granada,2,2,N,22,7,10,11,1,0,
2324,2023-10-22,domicile,Ath Bilbao,1,0,V,12,10,7,4,3,0,
2324,2023-10-28,domicile,Real Madrid,1,2,D,15,13,3,6,2,0,
2324,2023-11-04,exterieur,Sociedad,1,0,V,12,13,4,3,3,0,
2324,2023-11-12,domicile,Alaves,2,1,V,11,8,6,2,2,0,
2324,2023-11-25,exterieur,Vallecano,1,1,N,15,10,4,4,4,0,
2324,2023-12-03,domicile,Ath Madrid,1,0,V,13,9,2,7,5,0,
2324,2023-12-10,domicile,Girona,2,4,D,31,15,11,8,1,0,
2324,2023-12-16,exterieur,Valencia,1,1,N,16,11,8,6,2,0,
2324,2023-12-20,domicile,Almeria,3,2,V,30,10,11,12,3,0,
2324,2024-01-04,exterieur,Las Palmas,2,1,V,15,12,5,10,2,0,
2324,2024-01-21,exterieur,Betis,4,2,V,11,14,4,4,2,0,
2324,2024-01-27,domicile,Villarreal,3,5,D,22,9,10,10,3,0,
2324,2024-01-31,domicile,Osasuna,1,0,V,16,9,4,6,1,0,
2324,2024-02-03,exterieur,Alaves,3,1,V,8,13,5,5,2,1,
2324,2024-02-11,domicile,Granada,3,3,N,11,11,6,6,1,0,
2324,2024-02-17,exterieur,Celta,2,1,V,14,13,4,5,4,0,
2324,2024-02-24,domicile,Getafe,4,0,V,17,10,9,5,1,0,
2324,2024-03-03,exterieur,Ath Bilbao,0,0,N,8,8,2,4,3,0,
2324,2024-03-08,domicile,Mallorca,1,0,V,20,9,6,4,1,0,
2324,2024-03-17,exterieur,Ath Madrid,3,0,V,9,12,5,3,1,0,
2324,2024-03-30,domicile,Las Palmas,1,0,V,14,8,2,6,5,0,
2324,2024-04-13,exterieur,Cadiz,1,0,V,12,14,2,4,3,0,
2324,2024-04-21,exterieur,Real Madrid,2,3,D,14,14,6,8,2,0,
2324,2024-04-29,domicile,Valencia,4,2,V,27,5,13,15,1,0,
2324,2024-05-04,exterieur,Girona,2,4,D,16,9,7,4,3,0,
2324,2024-05-13,domicile,Sociedad,2,0,V,14,10,5,6,2,0,
2324,2024-05-16,exterieur,Almeria,2,0,V,16,12,7,7,1,0,
2324,2024-05-19,domicile,Vallecano,3,0,V,14,15,6,7,4,0,
2324,2024-05-26,exterieur,Sevilla,2,1,V,11,15,6,5,1,0,
2425,2024-08-17,exterieur,Valencia,2,1,V,18,6,8,8,3,0,
2425,2024-08-24,domicile,Ath Bilbao,2,1,V,13,9,5,5,4,0,
2425,2024-08-27,exterieur,Vallecano,2,1,V,22,8,5,6,1,0,
2425,2024-08-31,domicile,Valladolid,7,0,V,23,5,10,10,0,0,
2425,2024-09-15,exterieur,Girona,4,1,V,20,9,9,6,2,1,
2425,2024-09-22,exterieur,Villarreal,5,1,V,17,13,10,3,1,0,
2425,2024-09-25,domicile,Getafe,1,0,V,16,7,4,7,1,0,
2425,2024-09-28,exterieur,Osasuna,2,4,D,12,11,5,8,2,0,
2425,2024-10-06,exterieur,Alaves,3,0,V,14,11,8,3,2,0,
2425,2024-10-20,domicile,Sevilla,5,1,V,21,7,9,5,1,0,
2425,2024-10-26,exterieur,Real Madrid,4,0,V,15,9,7,3,5,0,
2425,2024-11-03,domicile,Espanol,3,1,V,14,10,9,9,0,0,
2425,2024-11-10,exterieur,Sociedad,0,1,D,11,14,0,6,1,0,
2425,2024-11-23,exterieur,Celta,2,2,N,9,15,4,1,5,1,
2425,2024-11-30,domicile,Las Palmas,1,2,D,27,5,8,7,0,0,
2425,2024-12-03,exterieur,Mallorca,5,1,V,20,6,9,5,3,0,
2425,2024-12-07,exterieur,Betis,2,2,N,9,12,3,4,2,0,
2425,2024-12-15,domicile,Leganes,0,1,D,20,6,4,8,0,0,
2425,2024-12-21,domicile,Ath Madrid,1,2,D,19,5,7,11,0,0,
2425,2025-01-18,exterieur,Getafe,1,1,N,21,10,5,10,2,0,
2425,2025-01-26,domicile,Valencia,7,1,V,22,7,11,14,0,0,
2425,2025-02-02,domicile,Alaves,1,0,V,11,3,4,5,5,0,
2425,2025-02-09,exterieur,Sevilla,4,1,V,10,8,6,6,2,1,
2425,2025-02-17,domicile,Vallecano,1,0,V,14,9,5,4,2,0,
2425,2025-02-22,exterieur,Las Palmas,2,0,V,15,10,5,3,1,0,
2425,2025-03-02,domicile,Sociedad,4,0,V,33,0,10,12,0,0,
2425,2025-03-16,exterieur,Ath Madrid,4,2,V,13,7,6,6,3,0,
2425,2025-03-27,domicile,Osasuna,3,0,V,19,4,5,8,1,0,
2425,2025-03-30,domicile,Girona,4,1,V,21,4,9,10,0,0,
2425,2025-04-05,domicile,Betis,1,1,N,13,6,5,9,2,0,
2425,2025-04-12,exterieur,Leganes,1,0,V,12,6,3,8,1,0,
2425,2025-04-19,domicile,Celta,4,3,V,18,11,6,4,2,0,
2425,2025-04-22,domicile,Mallorca,1,0,V,40,4,13,13,0,0,
2425,2025-05-03,exterieur,Valladolid,2,1,V,24,5,7,8,2,0,
2425,2025-05-11,domicile,Real Madrid,4,3,V,23,9,9,10,4,0,
2425,2025-05-15,exterieur,Espanol,2,0,V,12,9,4,3,2,0,
2425,2025-05-18,domicile,Villarreal,2,3,D,24,7,9,11,2,0,
2425,2025-05-25,exterieur,Ath Bilbao,3,0,V,13,10,4,6,0,0,
2526,2025-08-16,exterieur,Mallorca,3,0,V,24,4,8,6,1,0,
2526,2025-08-23,exterieur,Levante,3,2,V,26,8,10,11,1,0,
2526,2025-08-31,exterieur,Vallecano,1,1,N,12,12,3,4,1,0,
2526,2025-09-14,domicile,Valencia,6,0,V,24,2,10,5,0,0,
2526,2025-09-21,domicile,Getafe,3,0,V,16,3,7,3,2,0,
2526,2025-09-25,exterieur,Oviedo,3,1,V,22,7,10,9,0,0,
2526,2025-09-28,domicile,Sociedad,2,1,V,22,7,12,12,1,0,
2526,2025-10-05,exterieur,Sevilla,1,4,D,17,13,8,6,5,0,
2526,2025-10-18,domicile,Girona,2,1,V,27,11,9,11,1,0,
2526,2025-10-26,exterieur,Real Madrid,1,2,D,15,23,6,4,5,1,
2526,2025-11-02,domicile,Elche,3,1,V,17,9,5,6,0,0,
2526,2025-11-09,exterieur,Celta,4,2,V,21,5,9,5,5,1,
2526,2025-11-22,domicile,Ath Bilbao,4,0,V,19,13,7,5,0,0,
2526,2025-11-29,domicile,Alaves,3,1,V,18,9,6,5,2,0,
2526,2025-12-02,domicile,Ath Madrid,3,1,V,19,7,6,5,1,0,
2526,2025-12-06,exterieur,Betis,5,3,V,16,17,8,7,2,0,
2526,2025-12-13,domicile,Osasuna,2,0,V,24,3,7,14,0,0,
2526,2025-12-21,exterieur,Villarreal,2,0,V,19,14,5,10,1,0,
2526,2026-01-03,exterieur,Espanol,2,0,V,15,14,6,7,0,0,
2526,2026-01-18,exterieur,Sociedad,1,2,D,25,8,9,8,3,0,
2526,2026-01-25,domicile,Oviedo,3,0,V,15,12,7,10,1,0,
2526,2026-01-31,exterieur,Elche,3,1,V,30,9,8,8,1,0,
2526,2026-02-07,domicile,Mallorca,3,0,V,24,9,7,12,0,0,
2526,2026-02-16,exterieur,Girona,1,2,D,27,13,4,7,2,0,
2526,2026-02-22,domicile,Levante,3,0,V,22,5,9,13,2,0,
2526,2026-02-28,domicile,Villarreal,4,1,V,19,6,8,3,2,0,
2526,2026-03-07,exterieur,Ath Bilbao,1,0,V,7,10,2,4,1,0,
2526,2026-03-15,domicile,Sevilla,5,2,V,13,8,8,3,0,0,
2526,2026-03-22,domicile,Vallecano,1,0,V,15,8,4,6,3,0,
2526,2026-04-04,exterieur,Ath Madrid,2,1,V,22,6,8,9,2,0,
2526,2026-04-11,domicile,Espanol,4,1,V,20,10,10,7,3,0,
2526,2026-04-22,domicile,Celta,1,0,V,10,6,3,5,1,0,
2526,2026-04-25,exterieur,Getafe,2,0,V,13,4,4,3,2,0,
2526,2026-05-02,exterieur,Osasuna,2,1,V,13,9,4,7,2,0,
2526,2026-05-10,domicile,Real Madrid,2,0,V,10,8,7,4,2,0,
2526,2026-05-13,exterieur,Alaves,0,1,D,8,9,0,4,2,0,
2526,2026-05-17,domicile,Betis,3,1,V,15,7,9,6,1,0,
2526,2026-05-23,exterieur,Valencia,1,3,D,11,19,4,8,2,0,
