championnat,saison,date,heure,domicile,exterieur,journee
La Liga,2026-2027,2026-08-24,17:30,Osasuna,Levante,
La Liga,2026-2027,2026-08-24,19:30,Malaga,Dep. A Coruna,
La Liga,2026-2027,2026-08-24,20:30,Malaga,La Coruna,
La Liga,2026-2027,2026-08-25,19:00,Valencia,Betis,
La Liga,2026-2027,2026-08-26,19:00,Real Madrid,Sociedad,
La Liga,2026-2027,2026-08-27,18:30,Celta,Osasuna,
La Liga,2026-2027,2026-08-27,19:00,Barcelona,Ath Bilbao,
La Liga,2026-2027,2026-08-28,17:00,Santander,Elche,
La Liga,2026-2027,2026-08-28,19:30,Alaves,Villarreal,
La Liga,2026-2027,2026-08-29,15:00,Levante,Betis,
La Liga,2026-2027,2026-08-29,17:00,Sociedad,Espanol,
La Liga,2026-2027,2026-08-29,19:30,Sevilla,Ath Madrid,
La Liga,2026-2027,2026-08-30,15:00,Real Madrid,Malaga,
La Liga,2026-2027,2026-08-30,17:30,Dep. A Coruna,Valencia,
La Liga,2026-2027,2026-08-30,19:30,Celta,Ath Bilbao,
La Liga,2026-2027,2026-08-31,17:30,Osasuna,Getafe,
La Liga,2026-2027,2026-08-31,19:30,Barcelona,Vallecano,
La Liga,2026-2027,2026-09-03,19:00,Sociedad,Celta,
La Liga,2026-2027,2026-09-04,19:00,Betis,Real Madrid,
La Liga,2026-2027,2026-09-05,14:15,Ath Bilbao,Ath Madrid,
La Liga,2026-2027,2026-09-05,16:30,Vallecano,Santander,
La Liga,2026-2027,2026-09-05,19:00,Villarreal,Dep. A Coruna,
La Liga,2026-2027,2026-09-06,14:15,Valencia,Barcelona,
La Liga,2026-2027,2026-09-06,16:30,Alaves,Osasuna,
La Liga,2026-2027,2026-09-06,16:30,Malaga,Levante,
La Liga,2026-2027,2026-09-06,19:00,Espanol,Sevilla,
La Liga,2026-2027,2026-09-07,17:00,Getafe,Celta,
La Liga,2026-2027,2026-09-07,19:30,Elche,Sociedad,
La Liga,2026-2027,2026-09-13,15:00,Ath Bilbao,Elche,
La Liga,2026-2027,2026-09-13,15:00,Celta,Malaga,
La Liga,2026-2027,2026-09-13,15:00,Getafe,Dep. A Coruna,
La Liga,2026-2027,2026-09-13,15:00,Levante,Barcelona,
La Liga,2026-2027,2026-09-13,15:00,Osasuna,Espanol,
La Liga,2026-2027,2026-09-13,15:00,Real Madrid,Vallecano,
La Liga,2026-2027,2026-09-13,15:00,Santander,Alaves,
La Liga,2026-2027,2026-09-13,15:00,Sevilla,Valencia,
La Liga,2026-2027,2026-09-13,15:00,Sociedad,Ath Madrid,
La Liga,2026-2027,2026-09-13,15:00,Villarreal,Betis,
La Liga,2026-2027,2026-09-16,15:00,Alaves,Valencia,
La Liga,2026-2027,2026-09-16,15:00,Ath Madrid,Osasuna,
La Liga,2026-2027,2026-09-16,15:00,Barcelona,Santander,
La Liga,2026-2027,2026-09-16,15:00,Betis,Getafe,
La Liga,2026-2027,2026-09-16,15:00,Dep. A Coruna,Sevilla,
La Liga,2026-2027,2026-09-16,15:00,Elche,Real Madrid,
La Liga,2026-2027,2026-09-16,15:00,Levante,Ath Bilbao,
La Liga,2026-2027,2026-09-16,15:00,Malaga,Villarreal,
La Liga,2026-2027,2026-09-16,15:00,Vallecano,Espanol,
La Liga,2026-2027,2026-09-20,15:00,Ath Bilbao,Alaves,
La Liga,2026-2027,2026-09-20,15:00,Ath Madrid,Real Madrid,
La Liga,2026-2027,2026-09-20,15:00,Celta,Santander,
La Liga,2026-2027,2026-09-20,15:00,Dep. A Coruna,Betis,
La Liga,2026-2027,2026-09-20,15:00,Espanol,Elche,
La Liga,2026-2027,2026-09-20,15:00,Getafe,Malaga,
La Liga,2026-2027,2026-09-20,15:00,Osasuna,Vallecano,
La Liga,2026-2027,2026-09-20,15:00,Sevilla,Barcelona,
La Liga,2026-2027,2026-09-20,15:00,Valencia,Sociedad,
La Liga,2026-2027,2026-09-20,15:00,Villarreal,Levante,
La Liga,2026-2027,2026-10-11,15:00,Alaves,Ath Madrid,
La Liga,2026-2027,2026-10-11,15:00,Barcelona,Getafe,
La Liga,2026-2027,2026-10-11,15:00,Betis,Osasuna,
La Liga,2026-2027,2026-10-11,15:00,Elche,Celta,
La Liga,2026-2027,2026-10-11,15:00,Levante,Sevilla,
La Liga,2026-2027,2026-10-11,15:00,Malaga,Espanol,
La Liga,2026-2027,2026-10-11,15:00,Real Madrid,Villarreal,
La Liga,2026-2027,2026-10-11,15:00,Santander,Valencia,
La Liga,2026-2027,2026-10-11,15:00,Sociedad,Dep. A Coruna,
La Liga,2026-2027,2026-10-11,15:00,Vallecano,Ath Bilbao,
La Liga,2026-2027,2026-10-18,15:00,Betis,Barcelona,
La Liga,2026-2027,2026-10-18,15:00,Celta,Alaves,
La Liga,2026-2027,2026-10-18,15:00,Dep. A Coruna,Levante,
La Liga,2026-2027,2026-10-18,15:00,Espanol,Ath Madrid,
La Liga,2026-2027,2026-10-18,15:00,Getafe,Vallecano,
La Liga,2026-2027,2026-10-18,15:00,Malaga,Sociedad,
La Liga,2026-2027,2026-10-18,15:00,Osasuna,Santander,
La Liga,2026-2027,2026-10-18,15:00,Real Madrid,Sevilla,
La Liga,2026-2027,2026-10-18,15:00,Valencia,Ath Bilbao,
La Liga,2026-2027,2026-10-18,15:00,Villarreal,Elche,
La Liga,2026-2027,2026-10-25,16:00,Alaves,Malaga,
La Liga,2026-2027,2026-10-25,16:00,Ath Bilbao,Getafe,
La Liga,2026-2027,2026-10-25,16:00,Ath Madrid,Dep. A Coruna,
La Liga,2026-2027,2026-10-25,16:00,Barcelona,Real Madrid,
La Liga,2026-2027,2026-10-25,16:00,Celta,Betis,
La Liga,2026-2027,2026-10-25,16:00,Santander,Espanol,
La Liga,2026-2027,2026-10-25,16:00,Sevilla,Osasuna,
La Liga,2026-2027,2026-10-25,16:00,Sociedad,Levante,
La Liga,2026-2027,2026-10-25,16:00,Valencia,Villarreal,
La Liga,2026-2027,2026-10-25,16:00,Vallecano,Elche,
La Liga,2026-2027,2026-11-01,16:00,Ath Bilbao,Sociedad,
La Liga,2026-2027,2026-11-01,16:00,Barcelona,Alaves,
La Liga,2026-2027,2026-11-01,16:00,Betis,Malaga,
La Liga,2026-2027,2026-11-01,16:00,Dep. A Coruna,Osasuna,
La Liga,2026-2027,2026-11-01,16:00,Elche,Valencia,
La Liga,2026-2027,2026-11-01,16:00,Getafe,Sevilla,
La Liga,2026-2027,2026-11-01,16:00,Levante,Ath Madrid,
La Liga,2026-2027,2026-11-01,16:00,Santander,Real Madrid,
La Liga,2026-2027,2026-11-01,16:00,Vallecano,Celta,
La Liga,2026-2027,2026-11-01,16:00,Villarreal,Espanol,
La Liga,2026-2027,2026-11-08,16:00,Ath Madrid,Barcelona,
La Liga,2026-2027,2026-11-08,16:00,Celta,Levante,
La Liga,2026-2027,2026-11-08,16:00,Elche,Betis,
La Liga,2026-2027,2026-11-08,16:00,Espanol,Dep. A Coruna,
La Liga,2026-2027,2026-11-08,16:00,Malaga,Santander,
La Liga,2026-2027,2026-11-08,16:00,Osasuna,Ath Bilbao,
La Liga,2026-2027,2026-11-08,16:00,Sevilla,Alaves,
La Liga,2026-2027,2026-11-08,16:00,Sociedad,Vallecano,
La Liga,2026-2027,2026-11-08,16:00,Valencia,Real Madrid,
La Liga,2026-2027,2026-11-08,16:00,Villarreal,Getafe,
La Liga,2026-2027,2026-11-22,16:00,Alaves,Dep. A Coruna,
La Liga,2026-2027,2026-11-22,16:00,Ath Bilbao,Espanol,
La Liga,2026-2027,2026-11-22,16:00,Barcelona,Villarreal,
La Liga,2026-2027,2026-11-22,16:00,Getafe,Ath Madrid,
La Liga,2026-2027,2026-11-22,16:00,Levante,Elche,
La Liga,2026-2027,2026-11-22,16:00,Osasuna,Malaga,
La Liga,2026-2027,2026-11-22,16:00,Real Madrid,Celta,
La Liga,2026-2027,2026-11-22,16:00,Santander,Sociedad,
La Liga,2026-2027,2026-11-22,16:00,Sevilla,Betis,
La Liga,2026-2027,2026-11-22,16:00,Vallecano,Valencia,
La Liga,2026-2027,2026-11-29,16:00,Betis,Vallecano,
La Liga,2026-2027,2026-11-29,16:00,Celta,Villarreal,
La Liga,2026-2027,2026-11-29,16:00,Dep. A Coruna,Barcelona,
La Liga,2026-2027,2026-11-29,16:00,Elche,Ath Madrid,
La Liga,2026-2027,2026-11-29,16:00,Espanol,Getafe,
La Liga,2026-2027,2026-11-29,16:00,Levante,Santander,
La Liga,2026-2027,2026-11-29,16:00,Malaga,Ath Bilbao,
La Liga,2026-2027,2026-11-29,16:00,Real Madrid,Alaves,
La Liga,2026-2027,2026-11-29,16:00,Sociedad,Sevilla,
La Liga,2026-2027,2026-11-29,16:00,Valencia,Osasuna,
La Liga,2026-2027,2026-12-06,16:00,Alaves,Espanol,
La Liga,2026-2027,2026-12-06,16:00,Ath Bilbao,Real Madrid,
La Liga,2026-2027,2026-12-06,16:00,Ath Madrid,Betis,
La Liga,2026-2027,2026-12-06,16:00,Barcelona,Celta,
La Liga,2026-2027,2026-12-06,16:00,Getafe,Valencia,
La Liga,2026-2027,2026-12-06,16:00,Osasuna,Elche,
La Liga,2026-2027,2026-12-06,16:00,Santander,Dep. A Coruna,
La Liga,2026-2027,2026-12-06,16:00,Sevilla,Malaga,
La Liga,2026-2027,2026-12-06,16:00,Vallecano,Levante,
La Liga,2026-2027,2026-12-06,16:00,Villarreal,Sociedad,
La Liga,2026-2027,2026-12-13,16:00,Ath Madrid,Valencia,
La Liga,2026-2027,2026-12-13,16:00,Betis,Santander,
La Liga,2026-2027,2026-12-13,16:00,Dep. A Coruna,Ath Bilbao,
La Liga,2026-2027,2026-12-13,16:00,Elche,Sevilla,
La Liga,2026-2027,2026-12-13,16:00,Espanol,Celta,
La Liga,2026-2027,2026-12-13,16:00,Levante,Alaves,
La Liga,2026-2027,2026-12-13,16:00,Malaga,Barcelona,
La Liga,2026-2027,2026-12-13,16:00,Real Madrid,Osasuna,
La Liga,2026-2027,2026-12-13,16:00,Sociedad,Getafe,
La Liga,2026-2027,2026-12-13,16:00,Villarreal,Vallecano,
La Liga,2026-2027,2026-12-20,16:00,Alaves,Elche,
La Liga,2026-2027,2026-12-20,16:00,Ath Bilbao,Betis,
La Liga,2026-2027,2026-12-20,16:00,Barcelona,Sociedad,
La Liga,2026-2027,2026-12-20,16:00,Celta,Ath Madrid,
La Liga,2026-2027,2026-12-20,16:00,Dep. A Coruna,Real Madrid,
La Liga,2026-2027,2026-12-20,16:00,Getafe,Levante,
La Liga,2026-2027,2026-12-20,16:00,Osasuna,Villarreal,
La Liga,2026-2027,2026-12-20,16:00,Sevilla,Santander,
La Liga,2026-2027,2026-12-20,16:00,Valencia,Espanol,
La Liga,2026-2027,2026-12-20,16:00,Vallecano,Malaga,
La Liga,2026-2027,2027-01-03,16:00,Betis,Alaves,
La Liga,2026-2027,2027-01-03,16:00,Celta,Dep. A Coruna,
La Liga,2026-2027,2027-01-03,16:00,Espanol,Barcelona,
La Liga,2026-2027,2027-01-03,16:00,Levante,Valencia,
La Liga,2026-2027,2027-01-03,16:00,Malaga,Elche,
La Liga,2026-2027,2027-01-03,16:00,Real Madrid,Getafe,
La Liga,2026-2027,2027-01-03,16:00,Santander,Ath Bilbao,
La Liga,2026-2027,2027-01-03,16:00,Sociedad,Osasuna,
La Liga,2026-2027,2027-01-03,16:00,Vallecano,Ath Madrid,
La Liga,2026-2027,2027-01-03,16:00,Villarreal,Sevilla,
La Liga,2026-2027,2027-01-10,16:00,Alaves,Sociedad,
La Liga,2026-2027,2027-01-10,16:00,Ath Bilbao,Villarreal,
La Liga,2026-2027,2027-01-10,16:00,Ath Madrid,Santander,
La Liga,2026-2027,2027-01-10,16:00,Dep. A Coruna,Vallecano,
La Liga,2026-2027,2027-01-10,16:00,Elche,Getafe,
La Liga,2026-2027,2027-01-10,16:00,Espanol,Betis,
La Liga,2026-2027,2027-01-10,16:00,Osasuna,Barcelona,
La Liga,2026-2027,2027-01-10,16:00,Real Madrid,Levante,
La Liga,2026-2027,2027-01-10,16:00,Sevilla,Celta,
La Liga,2026-2027,2027-01-10,16:00,Valencia,Malaga,
La Liga,2026-2027,2027-01-17,16:00,Ath Madrid,Sociedad,
La Liga,2026-2027,2027-01-17,16:00,Barcelona,Elche,
La Liga,2026-2027,2027-01-17,16:00,Betis,Dep. A Coruna,
La Liga,2026-2027,2027-01-17,16:00,Celta,Valencia,
La Liga,2026-2027,2027-01-17,16:00,Getafe,Ath Bilbao,
La Liga,2026-2027,2027-01-17,16:00,Levante,Espanol,
La Liga,2026-2027,2027-01-17,16:00,Malaga,Real Madrid,
La Liga,2026-2027,2027-01-17,16:00,Santander,Osasuna,
La Liga,2026-2027,2027-01-17,16:00,Vallecano,Sevilla,
La Liga,2026-2027,2027-01-17,16:00,Villarreal,Alaves,
La Liga,2026-2027,2027-01-24,16:00,Alaves,Barcelona,
La Liga,2026-2027,2027-01-24,16:00,Ath Bilbao,Levante,
La Liga,2026-2027,2027-01-24,16:00,Dep. A Coruna,Ath Madrid,
La Liga,2026-2027,2027-01-24,16:00,Elche,Vallecano,
La Liga,2026-2027,2027-01-24,16:00,Espanol,Villarreal,
La Liga,2026-2027,2027-01-24,16:00,Getafe,Osasuna,
La Liga,2026-2027,2027-01-24,16:00,Real Madrid,Betis,
La Liga,2026-2027,2027-01-24,16:00,Santander,Celta,
La Liga,2026-2027,2027-01-24,16:00,Sociedad,Malaga,
La Liga,2026-2027,2027-01-24,16:00,Valencia,Sevilla,
La Liga,2026-2027,2027-01-31,16:00,Ath Madrid,Espanol,
La Liga,2026-2027,2027-01-31,16:00,Barcelona,Valencia,
La Liga,2026-2027,2027-01-31,16:00,Betis,Elche,
La Liga,2026-2027,2027-01-31,16:00,Celta,Getafe,
La Liga,2026-2027,2027-01-31,16:00,Levante,Sociedad,
La Liga,2026-2027,2027-01-31,16:00,Malaga,Alaves,
La Liga,2026-2027,2027-01-31,16:00,Osasuna,Dep. A Coruna,
La Liga,2026-2027,2027-01-31,16:00,Sevilla,Ath Bilbao,
La Liga,2026-2027,2027-01-31,16:00,Vallecano,Real Madrid,
La Liga,2026-2027,2027-01-31,16:00,Villarreal,Santander,
La Liga,2026-2027,2027-02-07,16:00,Alaves,Celta,
La Liga,2026-2027,2027-02-07,16:00,Ath Bilbao,Osasuna,
La Liga,2026-2027,2027-02-07,16:00,Barcelona,Ath Madrid,
La Liga,2026-2027,2027-02-07,16:00,Betis,Sevilla,
La Liga,2026-2027,2027-02-07,16:00,Dep. A Coruna,Malaga,
La Liga,2026-2027,2027-02-07,16:00,Elche,Levante,
La Liga,2026-2027,2027-02-07,16:00,Espanol,Vallecano,
La Liga,2026-2027,2027-02-07,16:00,Getafe,Villarreal,
La Liga,2026-2027,2027-02-07,16:00,Sociedad,Real Madrid,
La Liga,2026-2027,2027-02-07,16:00,Valencia,Santander,
La Liga,2026-2027,2027-02-14,16:00,Celta,Vallecano,
La Liga,2026-2027,2027-02-14,16:00,Elche,Dep. A Coruna,
La Liga,2026-2027,2027-02-14,16:00,Levante,Malaga,
La Liga,2026-2027,2027-02-14,16:00,Osasuna,Ath Madrid,
La Liga,2026-2027,2027-02-14,16:00,Real Madrid,Ath Bilbao,
La Liga,2026-2027,2027-02-14,16:00,Santander,Getafe,
La Liga,2026-2027,2027-02-14,16:00,Sevilla,Espanol,
La Liga,2026-2027,2027-02-14,16:00,Sociedad,Betis,
La Liga,2026-2027,2027-02-14,16:00,Valencia,Alaves,
La Liga,2026-2027,2027-02-14,16:00,Villarreal,Barcelona,
La Liga,2026-2027,2027-02-21,16:00,Alaves,Santander,
La Liga,2026-2027,2027-02-21,16:00,Ath Bilbao,Celta,
La Liga,2026-2027,2027-02-21,16:00,Ath Madrid,Elche,
La Liga,2026-2027,2027-02-21,16:00,Barcelona,Levante,
La Liga,2026-2027,2027-02-21,16:00,Dep. A Coruna,Sociedad,
La Liga,2026-2027,2027-02-21,16:00,Espanol,Osasuna,
La Liga,2026-2027,2027-02-21,16:00,Malaga,Betis,
La Liga,2026-2027,2027-02-21,16:00,Sevilla,Real Madrid,
La Liga,2026-2027,2027-02-21,16:00,Vallecano,Getafe,
La Liga,2026-2027,2027-02-21,16:00,Villarreal,Valencia,
La Liga,2026-2027,2027-02-28,16:00,Ath Bilbao,Barcelona,
La Liga,2026-2027,2027-02-28,16:00,Betis,Villarreal,
La Liga,2026-2027,2027-02-28,16:00,Celta,Espanol,
La Liga,2026-2027,2027-02-28,16:00,Getafe,Alaves,
La Liga,2026-2027,2027-02-28,16:00,Levante,Dep. A Coruna,
La Liga,2026-2027,2027-02-28,16:00,Malaga,Ath Madrid,
La Liga,2026-2027,2027-02-28,16:00,Osasuna,Sevilla,
La Liga,2026-2027,2027-02-28,16:00,Real Madrid,Valencia,
La Liga,2026-2027,2027-02-28,16:00,Santander,Vallecano,
La Liga,2026-2027,2027-02-28,16:00,Sociedad,Elche,
La Liga,2026-2027,2027-03-07,16:00,Alaves,Ath Bilbao,
La Liga,2026-2027,2027-03-07,16:00,Ath Madrid,Celta,
La Liga,2026-2027,2027-03-07,16:00,Barcelona,Betis,
La Liga,2026-2027,2027-03-07,16:00,Dep. A Coruna,Getafe,
La Liga,2026-2027,2027-03-07,16:00,Elche,Malaga,
La Liga,2026-2027,2027-03-07,16:00,Espanol,Santander,
La Liga,2026-2027,2027-03-07,16:00,Sevilla,Sociedad,
La Liga,2026-2027,2027-03-07,16:00,Valencia,Levante,
La Liga,2026-2027,2027-03-07,16:00,Vallecano,Osasuna,
La Liga,2026-2027,2027-03-07,16:00,Villarreal,Real Madrid,
La Liga,2026-2027,2027-03-14,16:00,Alaves,Sevilla,
La Liga,2026-2027,2027-03-14,16:00,Ath Bilbao,Valencia,
La Liga,2026-2027,2027-03-14,16:00,Barcelona,Dep. A Coruna,
La Liga,2026-2027,2027-03-14,16:00,Betis,Levante,
La Liga,2026-2027,2027-03-14,16:00,Elche,Villarreal,
La Liga,2026-2027,2027-03-14,16:00,Getafe,Sociedad,
La Liga,2026-2027,2027-03-14,16:00,Malaga,Vallecano,
La Liga,2026-2027,2027-03-14,16:00,Osasuna,Celta,
La Liga,2026-2027,2027-03-14,16:00,Real Madrid,Espanol,
La Liga,2026-2027,2027-03-14,16:00,Santander,Ath Madrid,
La Liga,2026-2027,2027-03-21,16:00,Ath Madrid,Getafe,
La Liga,2026-2027,2027-03-21,16:00,Celta,Real Madrid,
La Liga,2026-2027,2027-03-21,16:00,Espanol,Ath Bilbao,
La Liga,2026-2027,2027-03-21,16:00,Levante,Osasuna,
La Liga,2026-2027,2027-03-21,16:00,Santander,Betis,
La Liga,2026-2027,2027-03-21,16:00,Sevilla,Elche,
La Liga,2026-2027,2027-03-21,16:00,Sociedad,Alaves,
La Liga,2026-2027,2027-03-21,16:00,Valencia,Dep. A Coruna,
La Liga,2026-2027,2027-03-21,16:00,Vallecano,Barcelona,
La Liga,2026-2027,2027-03-21,16:00,Villarreal,Malaga,
La Liga,2026-2027,2027-04-04,15:00,Ath Bilbao,Santander,
La Liga,2026-2027,2027-04-04,15:00,Barcelona,Sevilla,
La Liga,2026-2027,2027-04-04,15:00,Betis,Celta,
La Liga,2026-2027,2027-04-04,15:00,Dep. A Coruna,Villarreal,
La Liga,2026-2027,2027-04-04,15:00,Elche,Alaves,
La Liga,2026-2027,2027-04-04,15:00,Getafe,Espanol,
La Liga,2026-2027,2027-04-04,15:00,Levante,Vallecano,
La Liga,2026-2027,2027-04-04,15:00,Malaga,Osasuna,
La Liga,2026-2027,2027-04-04,15:00,Real Madrid,Ath Madrid,
La Liga,2026-2027,2027-04-04,15:00,Sociedad,Valencia,
La Liga,2026-2027,2027-04-11,15:00,Alaves,Betis,
La Liga,2026-2027,2027-04-11,15:00,Ath Madrid,Levante,
La Liga,2026-2027,2027-04-11,15:00,Celta,Elche,
La Liga,2026-2027,2027-04-11,15:00,Espanol,Malaga,
La Liga,2026-2027,2027-04-11,15:00,Osasuna,Real Madrid,
La Liga,2026-2027,2027-04-11,15:00,Santander,Barcelona,
La Liga,2026-2027,2027-04-11,15:00,Sevilla,Dep. A Coruna,
La Liga,2026-2027,2027-04-11,15:00,Valencia,Getafe,
La Liga,2026-2027,2027-04-11,15:00,Vallecano,Sociedad,
La Liga,2026-2027,2027-04-11,15:00,Villarreal,Ath Bilbao,
La Liga,2026-2027,2027-04-18,15:00,Alaves,Vallecano,
La Liga,2026-2027,2027-04-18,15:00,Ath Madrid,Sevilla,
La Liga,2026-2027,2027-04-18,15:00,Barcelona,Espanol,
La Liga,2026-2027,2027-04-18,15:00,Betis,Ath Bilbao,
La Liga,2026-2027,2027-04-18,15:00,Dep. A Coruna,Celta,
La Liga,2026-2027,2027-04-18,15:00,Elche,Osasuna,
La Liga,2026-2027,2027-04-18,15:00,Getafe,Real Madrid,
La Liga,2026-2027,2027-04-18,15:00,Levante,Villarreal,
La Liga,2026-2027,2027-04-18,15:00,Malaga,Valencia,
La Liga,2026-2027,2027-04-18,15:00,Sociedad,Santander,
La Liga,2026-2027,2027-04-21,15:00,Ath Bilbao,Dep. A Coruna,
La Liga,2026-2027,2027-04-21,15:00,Celta,Barcelona,
La Liga,2026-2027,2027-04-21,15:00,Espanol,Sociedad,
La Liga,2026-2027,2027-04-21,15:00,Getafe,Betis,
La Liga,2026-2027,2027-04-21,15:00,Osasuna,Alaves,
La Liga,2026-2027,2027-04-21,15:00,Real Madrid,Elche,
La Liga,2026-2027,2027-04-21,15:00,Santander,Malaga,
La Liga,2026-2027,2027-04-21,15:00,Sevilla,Levante,
La Liga,2026-2027,2027-04-21,15:00,Valencia,Vallecano,
La Liga,2026-2027,2027-04-21,15:00,Villarreal,Ath Madrid,
La Liga,2026-2027,2027-05-02,15:00,Ath Madrid,Alaves,
La Liga,2026-2027,2027-05-02,15:00,Barcelona,Osasuna,
La Liga,2026-2027,2027-05-02,15:00,Betis,Valencia,
La Liga,2026-2027,2027-05-02,15:00,Celta,Sevilla,
La Liga,2026-2027,2027-05-02,15:00,Dep. A Coruna,Santander,
La Liga,2026-2027,2027-05-02,15:00,Elche,Espanol,
La Liga,2026-2027,2027-05-02,15:00,Levante,Real Madrid,
La Liga,2026-2027,2027-05-02,15:00,Malaga,Getafe,
La Liga,2026-2027,2027-05-02,15:00,Sociedad,Ath Bilbao,
La Liga,2026-2027,2027-05-02,15:00,Vallecano,Villarreal,
La Liga,2026-2027,2027-05-09,15:00,Alaves,Levante,
La Liga,2026-2027,2027-05-09,15:00,Ath Bilbao,Malaga,
La Liga,2026-2027,2027-05-09,15:00,Betis,Espanol,
La Liga,2026-2027,2027-05-09,15:00,Getafe,Elche,
La Liga,2026-2027,2027-05-09,15:00,Osasuna,Sociedad,
La Liga,2026-2027,2027-05-09,15:00,Real Madrid,Barcelona,
La Liga,2026-2027,2027-05-09,15:00,Santander,Sevilla,
La Liga,2026-2027,2027-05-09,15:00,Valencia,Ath Madrid,
La Liga,2026-2027,2027-05-09,15:00,Vallecano,Dep. A Coruna,
La Liga,2026-2027,2027-05-09,15:00,Villarreal,Celta,
La Liga,2026-2027,2027-05-16,15:00,Ath Madrid,Vallecano,
La Liga,2026-2027,2027-05-16,15:00,Dep. A Coruna,Alaves,
La Liga,2026-2027,2027-05-16,15:00,Elche,Ath Bilbao,
La Liga,2026-2027,2027-05-16,15:00,Espanol,Valencia,
La Liga,2026-2027,2027-05-16,15:00,Levante,Getafe,
La Liga,2026-2027,2027-05-16,15:00,Malaga,Celta,
La Liga,2026-2027,2027-05-16,15:00,Osasuna,Betis,
La Liga,2026-2027,2027-05-16,15:00,Real Madrid,Santander,
La Liga,2026-2027,2027-05-16,15:00,Sevilla,Villarreal,
La Liga,2026-2027,2027-05-16,15:00,Sociedad,Barcelona,
La Liga,2026-2027,2027-05-23,15:00,Alaves,Real Madrid,
La Liga,2026-2027,2027-05-23,15:00,Ath Madrid,Ath Bilbao,
La Liga,2026-2027,2027-05-23,15:00,Barcelona,Malaga,
La Liga,2026-2027,2027-05-23,15:00,Celta,Sociedad,
La Liga,2026-2027,2027-05-23,15:00,Dep. A Coruna,Espanol,
La Liga,2026-2027,2027-05-23,15:00,Santander,Levante,
La Liga,2026-2027,2027-05-23,15:00,Sevilla,Getafe,
La Liga,2026-2027,2027-05-23,15:00,Valencia,Elche,
La Liga,2026-2027,2027-05-23,15:00,Vallecano,Betis,
La Liga,2026-2027,2027-05-23,15:00,Villarreal,Osasuna,
La Liga,2026-2027,2027-05-30,15:00,Ath Bilbao,Vallecano,
La Liga,2026-2027,2027-05-30,15:00,Betis,Ath Madrid,
La Liga,2026-2027,2027-05-30,15:00,Elche,Santander,
La Liga,2026-2027,2027-05-30,15:00,Espanol,Alaves,
La Liga,2026-2027,2027-05-30,15:00,Getafe,Barcelona,
La Liga,2026-2027,2027-05-30,15:00,Levante,Celta,
La Liga,2026-2027,2027-05-30,15:00,Malaga,Sevilla,
La Liga,2026-2027,2027-05-30,15:00,Osasuna,Valencia,
La Liga,2026-2027,2027-05-30,15:00,Real Madrid,Dep. A Coruna,
La Liga,2026-2027,2027-05-30,15:00,Sociedad,Villarreal,
Ligue 1,2026-2027,2026-08-28,18:45,Lille,Paris SG,
Ligue 1,2026-2027,2026-08-29,15:15,Strasbourg,Lens,
Ligue 1,2026-2027,2026-08-29,18:45,Auxerre,Angers,
Ligue 1,2026-2027,2026-08-29,18:45,Brest,Toulouse,
Ligue 1,2026-2027,2026-08-29,18:45,Lorient,Troyes,
Ligue 1,2026-2027,2026-08-29,18:45,Lyon,Le Havre,
Ligue 1,2026-2027,2026-08-30,13:00,Paris FC,Nice,
Ligue 1,2026-2027,2026-08-30,15:15,Rennes,Le Mans,
Ligue 1,2026-2027,2026-08-30,18:45,Monaco,Marseille,
Ligue 1,2026-2027,2026-09-03,18:45,Toulouse,Lille,
Ligue 1,2026-2027,2026-09-04,17:00,Lyon,Auxerre,
Ligue 1,2026-2027,2026-09-04,19:05,Paris SG,Monaco,
Ligue 1,2026-2027,2026-09-05,15:15,Lens,Lorient,
Ligue 1,2026-2027,2026-09-05,18:45,Le Havre,Brest,
Ligue 1,2026-2027,2026-09-05,18:45,Nice,Le Mans,
Ligue 1,2026-2027,2026-09-06,13:00,Troyes,Strasbourg,
Ligue 1,2026-2027,2026-09-06,15:15,Angers,Rennes,
Ligue 1,2026-2027,2026-09-06,18:45,Marseille,Paris FC,
Ligue 1,2026-2027,2026-09-11,18:45,Rennes,Marseille,
Ligue 1,2026-2027,2026-09-12,15:15,Strasbourg,Monaco,
Ligue 1,2026-2027,2026-09-12,18:45,Auxerre,Nice,
Ligue 1,2026-2027,2026-09-12,18:45,Le Havre,Angers,
Ligue 1,2026-2027,2026-09-12,18:45,Lorient,Toulouse,
Ligue 1,2026-2027,2026-09-12,18:45,Paris FC,Lyon,
Ligue 1,2026-2027,2026-09-13,13:00,Lille,Troyes,
Ligue 1,2026-2027,2026-09-13,15:15,Le Mans,Lens,
Ligue 1,2026-2027,2026-09-13,18:45,Brest,Paris SG,
Ligue 1,2026-2027,2026-09-19,13:00,Angers,Troyes,
Ligue 1,2026-2027,2026-09-19,13:00,Auxerre,Brest,
Ligue 1,2026-2027,2026-09-19,13:00,Le Mans,Lorient,
Ligue 1,2026-2027,2026-09-19,13:00,Lyon,Rennes,
Ligue 1,2026-2027,2026-09-19,13:00,Monaco,Lens,
Ligue 1,2026-2027,2026-09-19,13:00,Nice,Lille,
Ligue 1,2026-2027,2026-09-19,13:00,Paris FC,Strasbourg,
Ligue 1,2026-2027,2026-09-19,13:00,Toulouse,Le Havre,
Ligue 1,2026-2027,2026-09-20,18:45,Marseille,Paris SG,
Ligue 1,2026-2027,2026-10-10,13:00,Brest,Angers,
Ligue 1,2026-2027,2026-10-10,13:00,Lens,Lyon,
Ligue 1,2026-2027,2026-10-10,13:00,Lille,Le Havre,
Ligue 1,2026-2027,2026-10-10,13:00,Lorient,Paris FC,
Ligue 1,2026-2027,2026-10-10,13:00,Monaco,Toulouse,
Ligue 1,2026-2027,2026-10-10,13:00,Nice,Strasbourg,
Ligue 1,2026-2027,2026-10-10,13:00,Paris SG,Le Mans,
Ligue 1,2026-2027,2026-10-10,13:00,Rennes,Auxerre,
Ligue 1,2026-2027,2026-10-10,13:00,Troyes,Marseille,
Ligue 1,2026-2027,2026-10-17,13:00,Angers,Marseille,
Ligue 1,2026-2027,2026-10-17,13:00,Le Havre,Auxerre,
Ligue 1,2026-2027,2026-10-17,13:00,Le Mans,Toulouse,
Ligue 1,2026-2027,2026-10-17,13:00,Lille,Brest,
Ligue 1,2026-2027,2026-10-17,13:00,Lorient,Monaco,
Ligue 1,2026-2027,2026-10-17,13:00,Lyon,Nice,
Ligue 1,2026-2027,2026-10-17,13:00,Paris FC,Rennes,
Ligue 1,2026-2027,2026-10-17,13:00,Strasbourg,Paris SG,
Ligue 1,2026-2027,2026-10-17,13:00,Troyes,Lens,
Ligue 1,2026-2027,2026-10-24,13:00,Angers,Lorient,
Ligue 1,2026-2027,2026-10-24,13:00,Auxerre,Le Mans,
Ligue 1,2026-2027,2026-10-24,13:00,Brest,Nice,
Ligue 1,2026-2027,2026-10-24,13:00,Lens,Paris FC,
Ligue 1,2026-2027,2026-10-24,13:00,Marseille,Le Havre,
Ligue 1,2026-2027,2026-10-24,13:00,Monaco,Lille,
Ligue 1,2026-2027,2026-10-24,13:00,Rennes,Strasbourg,
Ligue 1,2026-2027,2026-10-24,13:00,Toulouse,Troyes,
Ligue 1,2026-2027,2026-10-25,19:45,Paris SG,Lyon,
Ligue 1,2026-2027,2026-10-31,14:00,Le Havre,Paris SG,
Ligue 1,2026-2027,2026-10-31,14:00,Lille,Lens,
Ligue 1,2026-2027,2026-10-31,14:00,Lorient,Brest,
Ligue 1,2026-2027,2026-10-31,14:00,Lyon,Angers,
Ligue 1,2026-2027,2026-10-31,14:00,Marseille,Toulouse,
Ligue 1,2026-2027,2026-10-31,14:00,Nice,Rennes,
Ligue 1,2026-2027,2026-10-31,14:00,Paris FC,Monaco,
Ligue 1,2026-2027,2026-10-31,14:00,Strasbourg,Auxerre,
Ligue 1,2026-2027,2026-10-31,14:00,Troyes,Le Mans,
Ligue 1,2026-2027,2026-11-07,14:00,Angers,Nice,
Ligue 1,2026-2027,2026-11-07,14:00,Auxerre,Paris FC,
Ligue 1,2026-2027,2026-11-07,14:00,Brest,Lyon,
Ligue 1,2026-2027,2026-11-07,14:00,Le Havre,Lorient,
Ligue 1,2026-2027,2026-11-07,14:00,Le Mans,Monaco,
Ligue 1,2026-2027,2026-11-07,14:00,Paris SG,Troyes,
Ligue 1,2026-2027,2026-11-07,14:00,Rennes,Lille,
Ligue 1,2026-2027,2026-11-07,14:00,Toulouse,Strasbourg,
Ligue 1,2026-2027,2026-11-07,19:45,Lens,Marseille,
Ligue 1,2026-2027,2026-11-21,14:00,Lens,Toulouse,
Ligue 1,2026-2027,2026-11-21,14:00,Lille,Lyon,
Ligue 1,2026-2027,2026-11-21,14:00,Lorient,Rennes,
Ligue 1,2026-2027,2026-11-21,14:00,Marseille,Le Mans,
Ligue 1,2026-2027,2026-11-21,14:00,Monaco,Auxerre,
Ligue 1,2026-2027,2026-11-21,14:00,Nice,Paris SG,
Ligue 1,2026-2027,2026-11-21,14:00,Paris FC,Angers,
Ligue 1,2026-2027,2026-11-21,14:00,Strasbourg,Brest,
Ligue 1,2026-2027,2026-11-21,14:00,Troyes,Le Havre,
Ligue 1,2026-2027,2026-11-28,14:00,Angers,Lens,
Ligue 1,2026-2027,2026-11-28,14:00,Auxerre,Marseille,
Ligue 1,2026-2027,2026-11-28,14:00,Brest,Paris FC,
Ligue 1,2026-2027,2026-11-28,14:00,Le Havre,Strasbourg,
Ligue 1,2026-2027,2026-11-28,14:00,Le Mans,Lille,
Ligue 1,2026-2027,2026-11-28,14:00,Lyon,Monaco,
Ligue 1,2026-2027,2026-11-28,14:00,Nice,Troyes,
Ligue 1,2026-2027,2026-11-28,14:00,Paris SG,Lorient,
Ligue 1,2026-2027,2026-11-28,14:00,Toulouse,Rennes,
Ligue 1,2026-2027,2026-12-05,14:00,Lens,Le Havre,
Ligue 1,2026-2027,2026-12-05,14:00,Lille,Auxerre,
Ligue 1,2026-2027,2026-12-05,14:00,Marseille,Nice,
Ligue 1,2026-2027,2026-12-05,14:00,Monaco,Angers,
Ligue 1,2026-2027,2026-12-05,14:00,Paris FC,Le Mans,
Ligue 1,2026-2027,2026-12-05,14:00,Rennes,Brest,
Ligue 1,2026-2027,2026-12-05,14:00,Strasbourg,Lorient,
Ligue 1,2026-2027,2026-12-05,14:00,Toulouse,Paris SG,
Ligue 1,2026-2027,2026-12-05,14:00,Troyes,Lyon,
Ligue 1,2026-2027,2026-12-12,14:00,Angers,Strasbourg,
Ligue 1,2026-2027,2026-12-12,14:00,Auxerre,Toulouse,
Ligue 1,2026-2027,2026-12-12,14:00,Brest,Troyes,
Ligue 1,2026-2027,2026-12-12,14:00,Le Havre,Le Mans,
Ligue 1,2026-2027,2026-12-12,14:00,Lorient,Lille,
Ligue 1,2026-2027,2026-12-12,14:00,Nice,Lens,
Ligue 1,2026-2027,2026-12-12,14:00,Paris SG,Paris FC,
Ligue 1,2026-2027,2026-12-12,14:00,Rennes,Monaco,
Ligue 1,2026-2027,2026-12-13,19:45,Lyon,Marseille,
Ligue 1,2026-2027,2027-01-02,14:00,Brest,Marseille,
Ligue 1,2026-2027,2027-01-02,14:00,Le Mans,Lyon,
Ligue 1,2026-2027,2027-01-02,14:00,Lille,Strasbourg,
Ligue 1,2026-2027,2027-01-02,14:00,Lorient,Auxerre,
Ligue 1,2026-2027,2027-01-02,14:00,Monaco,Nice,
Ligue 1,2026-2027,2027-01-02,14:00,Paris FC,Le Havre,
Ligue 1,2026-2027,2027-01-02,14:00,Toulouse,Angers,
Ligue 1,2026-2027,2027-01-02,14:00,Troyes,Rennes,
Ligue 1,2026-2027,2027-01-03,19:45,Lens,Paris SG,
Ligue 1,2026-2027,2027-01-16,14:00,Angers,Paris SG,
Ligue 1,2026-2027,2027-01-16,14:00,Auxerre,Troyes,
Ligue 1,2026-2027,2027-01-16,14:00,Lyon,Lorient,
Ligue 1,2026-2027,2027-01-16,14:00,Marseille,Lille,
Ligue 1,2026-2027,2027-01-16,14:00,Monaco,Brest,
Ligue 1,2026-2027,2027-01-16,14:00,Nice,Le Havre,
Ligue 1,2026-2027,2027-01-16,14:00,Paris FC,Toulouse,
Ligue 1,2026-2027,2027-01-16,14:00,Rennes,Lens,
Ligue 1,2026-2027,2027-01-16,14:00,Strasbourg,Le Mans,
Ligue 1,2026-2027,2027-01-23,14:00,Le Havre,Rennes,
Ligue 1,2026-2027,2027-01-23,14:00,Le Mans,Angers,
Ligue 1,2026-2027,2027-01-23,14:00,Lens,Brest,
Ligue 1,2026-2027,2027-01-23,14:00,Lille,Paris FC,
Ligue 1,2026-2027,2027-01-23,14:00,Lorient,Marseille,
Ligue 1,2026-2027,2027-01-23,14:00,Paris SG,Auxerre,
Ligue 1,2026-2027,2027-01-23,14:00,Strasbourg,Lyon,
Ligue 1,2026-2027,2027-01-23,14:00,Toulouse,Nice,
Ligue 1,2026-2027,2027-01-23,14:00,Troyes,Monaco,
Ligue 1,2026-2027,2027-01-30,14:00,Angers,Le Havre,
Ligue 1,2026-2027,2027-01-30,14:00,Brest,Strasbourg,
Ligue 1,2026-2027,2027-01-30,14:00,Le Mans,Nice,
Ligue 1,2026-2027,2027-01-30,14:00,Lyon,Lille,
Ligue 1,2026-2027,2027-01-30,14:00,Marseille,Troyes,
Ligue 1,2026-2027,2027-01-30,14:00,Monaco,Paris SG,
Ligue 1,2026-2027,2027-01-30,14:00,Paris FC,Auxerre,
Ligue 1,2026-2027,2027-01-30,14:00,Rennes,Lorient,
Ligue 1,2026-2027,2027-01-30,14:00,Toulouse,Lens,
Ligue 1,2026-2027,2027-02-06,14:00,Auxerre,Monaco,
Ligue 1,2026-2027,2027-02-06,14:00,Le Havre,Toulouse,
Ligue 1,2026-2027,2027-02-06,14:00,Lens,Angers,
Ligue 1,2026-2027,2027-02-06,14:00,Lorient,Le Mans,
Ligue 1,2026-2027,2027-02-06,14:00,Nice,Brest,
Ligue 1,2026-2027,2027-02-06,14:00,Rennes,Lyon,
Ligue 1,2026-2027,2027-02-06,14:00,Strasbourg,Paris FC,
Ligue 1,2026-2027,2027-02-06,14:00,Troyes,Lille,
Ligue 1,2026-2027,2027-02-07,19:45,Paris SG,Marseille,
Ligue 1,2026-2027,2027-02-13,14:00,Auxerre,Strasbourg,
Ligue 1,2026-2027,2027-02-13,14:00,Brest,Rennes,
Ligue 1,2026-2027,2027-02-13,14:00,Le Mans,Paris SG,
Ligue 1,2026-2027,2027-02-13,14:00,Lille,Nice,
Ligue 1,2026-2027,2027-02-13,14:00,Lorient,Le Havre,
Ligue 1,2026-2027,2027-02-13,14:00,Lyon,Lens,
Ligue 1,2026-2027,2027-02-13,14:00,Marseille,Angers,
Ligue 1,2026-2027,2027-02-13,14:00,Paris FC,Troyes,
Ligue 1,2026-2027,2027-02-13,14:00,Toulouse,Monaco,
Ligue 1,2026-2027,2027-02-20,14:00,Angers,Paris FC,
Ligue 1,2026-2027,2027-02-20,14:00,Le Havre,Lyon,
Ligue 1,2026-2027,2027-02-20,14:00,Lens,Troyes,
Ligue 1,2026-2027,2027-02-20,14:00,Lille,Lorient,
Ligue 1,2026-2027,2027-02-20,14:00,Monaco,Le Mans,
Ligue 1,2026-2027,2027-02-20,14:00,Nice,Auxerre,
Ligue 1,2026-2027,2027-02-20,14:00,Paris SG,Brest,
Ligue 1,2026-2027,2027-02-20,14:00,Rennes,Toulouse,
Ligue 1,2026-2027,2027-02-20,14:00,Strasbourg,Marseille,
Ligue 1,2026-2027,2027-02-27,14:00,Auxerre,Lille,
Ligue 1,2026-2027,2027-02-27,14:00,Brest,Monaco,
Ligue 1,2026-2027,2027-02-27,14:00,Le Mans,Paris FC,
Ligue 1,2026-2027,2027-02-27,14:00,Lorient,Angers,
Ligue 1,2026-2027,2027-02-27,14:00,Lyon,Toulouse,
Ligue 1,2026-2027,2027-02-27,14:00,Marseille,Rennes,
Ligue 1,2026-2027,2027-02-27,14:00,Strasbourg,Le Havre,
Ligue 1,2026-2027,2027-02-27,14:00,Troyes,Nice,
Ligue 1,2026-2027,2027-02-28,19:45,Paris SG,Lens,
Ligue 1,2026-2027,2027-03-06,14:00,Angers,Auxerre,
Ligue 1,2026-2027,2027-03-06,14:00,Le Havre,Nice,
Ligue 1,2026-2027,2027-03-06,14:00,Lens,Strasbourg,
Ligue 1,2026-2027,2027-03-06,14:00,Lille,Marseille,
Ligue 1,2026-2027,2027-03-06,14:00,Monaco,Lyon,
Ligue 1,2026-2027,2027-03-06,14:00,Paris FC,Brest,
Ligue 1,2026-2027,2027-03-06,14:00,Rennes,Paris SG,
Ligue 1,2026-2027,2027-03-06,14:00,Toulouse,Le Mans,
Ligue 1,2026-2027,2027-03-06,14:00,Troyes,Lorient,
Ligue 1,2026-2027,2027-03-13,14:00,Auxerre,Paris SG,
Ligue 1,2026-2027,2027-03-13,14:00,Brest,Lille,
Ligue 1,2026-2027,2027-03-13,14:00,Le Havre,Lens,
Ligue 1,2026-2027,2027-03-13,14:00,Le Mans,Rennes,
Ligue 1,2026-2027,2027-03-13,14:00,Lyon,Troyes,
Ligue 1,2026-2027,2027-03-13,14:00,Marseille,Monaco,
Ligue 1,2026-2027,2027-03-13,14:00,Nice,Toulouse,
Ligue 1,2026-2027,2027-03-13,14:00,Paris FC,Lorient,
Ligue 1,2026-2027,2027-03-13,14:00,Strasbourg,Angers,
Ligue 1,2026-2027,2027-03-20,14:00,Angers,Le Mans,
Ligue 1,2026-2027,2027-03-20,14:00,Lens,Lille,
Ligue 1,2026-2027,2027-03-20,14:00,Lorient,Nice,
Ligue 1,2026-2027,2027-03-20,14:00,Monaco,Le Havre,
Ligue 1,2026-2027,2027-03-20,14:00,Paris SG,Strasbourg,
Ligue 1,2026-2027,2027-03-20,14:00,Rennes,Paris FC,
Ligue 1,2026-2027,2027-03-20,14:00,Toulouse,Brest,
Ligue 1,2026-2027,2027-03-20,14:00,Troyes,Auxerre,
Ligue 1,2026-2027,2027-03-21,19:45,Marseille,Lyon,
Ligue 1,2026-2027,2027-04-03,13:00,Angers,Monaco,
Ligue 1,2026-2027,2027-04-03,13:00,Auxerre,Lens,
Ligue 1,2026-2027,2027-04-03,13:00,Brest,Lorient,
Ligue 1,2026-2027,2027-04-03,13:00,Le Havre,Troyes,
Ligue 1,2026-2027,2027-04-03,13:00,Le Mans,Marseille,
Ligue 1,2026-2027,2027-04-03,13:00,Lille,Rennes,
Ligue 1,2026-2027,2027-04-03,13:00,Nice,Lyon,
Ligue 1,2026-2027,2027-04-03,13:00,Paris FC,Paris SG,
Ligue 1,2026-2027,2027-04-03,13:00,Strasbourg,Toulouse,
Ligue 1,2026-2027,2027-04-10,13:00,Le Mans,Auxerre,
Ligue 1,2026-2027,2027-04-10,13:00,Lille,Toulouse,
Ligue 1,2026-2027,2027-04-10,13:00,Lorient,Lens,
Ligue 1,2026-2027,2027-04-10,13:00,Lyon,Strasbourg,
Ligue 1,2026-2027,2027-04-10,13:00,Marseille,Brest,
Ligue 1,2026-2027,2027-04-10,13:00,Monaco,Rennes,
Ligue 1,2026-2027,2027-04-10,13:00,Nice,Paris FC,
Ligue 1,2026-2027,2027-04-10,13:00,Paris SG,Le Havre,
Ligue 1,2026-2027,2027-04-10,13:00,Troyes,Angers,
Ligue 1,2026-2027,2027-04-17,13:00,Angers,Lyon,
Ligue 1,2026-2027,2027-04-17,13:00,Auxerre,Lorient,
Ligue 1,2026-2027,2027-04-17,13:00,Brest,Le Mans,
Ligue 1,2026-2027,2027-04-17,13:00,Le Havre,Marseille,
Ligue 1,2026-2027,2027-04-17,13:00,Lens,Nice,
Ligue 1,2026-2027,2027-04-17,13:00,Monaco,Strasbourg,
Ligue 1,2026-2027,2027-04-17,13:00,Paris SG,Lille,
Ligue 1,2026-2027,2027-04-17,13:00,Rennes,Troyes,
Ligue 1,2026-2027,2027-04-17,13:00,Toulouse,Paris FC,
Ligue 1,2026-2027,2027-04-24,13:00,Le Mans,Le Havre,
Ligue 1,2026-2027,2027-04-24,13:00,Lille,Monaco,
Ligue 1,2026-2027,2027-04-24,13:00,Lorient,Paris SG,
Ligue 1,2026-2027,2027-04-24,13:00,Lyon,Brest,
Ligue 1,2026-2027,2027-04-24,13:00,Marseille,Auxerre,
Ligue 1,2026-2027,2027-04-24,13:00,Nice,Angers,
Ligue 1,2026-2027,2027-04-24,13:00,Paris FC,Lens,
Ligue 1,2026-2027,2027-04-24,13:00,Strasbourg,Rennes,
Ligue 1,2026-2027,2027-04-24,13:00,Troyes,Toulouse,
Ligue 1,2026-2027,2027-05-01,13:00,Auxerre,Lyon,
Ligue 1,2026-2027,2027-05-01,13:00,Le Havre,Paris FC,
Ligue 1,2026-2027,2027-05-01,13:00,Lens,Le Mans,
Ligue 1,2026-2027,2027-05-01,13:00,Monaco,Lorient,
Ligue 1,2026-2027,2027-05-01,13:00,Paris SG,Angers,
Ligue 1,2026-2027,2027-05-01,13:00,Rennes,Nice,
Ligue 1,2026-2027,2027-05-01,13:00,Strasbourg,Lille,
Ligue 1,2026-2027,2027-05-01,13:00,Toulouse,Marseille,
Ligue 1,2026-2027,2027-05-01,13:00,Troyes,Brest,
Ligue 1,2026-2027,2027-05-08,13:00,Angers,Toulouse,
Ligue 1,2026-2027,2027-05-08,13:00,Brest,Auxerre,
Ligue 1,2026-2027,2027-05-08,13:00,Le Mans,Troyes,
Ligue 1,2026-2027,2027-05-08,13:00,Lens,Monaco,
Ligue 1,2026-2027,2027-05-08,13:00,Lorient,Strasbourg,
Ligue 1,2026-2027,2027-05-08,13:00,Nice,Marseille,
Ligue 1,2026-2027,2027-05-08,13:00,Paris FC,Lille,
Ligue 1,2026-2027,2027-05-08,13:00,Rennes,Le Havre,
Ligue 1,2026-2027,2027-05-09,18:45,Lyon,Paris SG,
Ligue 1,2026-2027,2027-05-16,13:00,Auxerre,Rennes,
Ligue 1,2026-2027,2027-05-16,13:00,Brest,Le Havre,
Ligue 1,2026-2027,2027-05-16,13:00,Lille,Angers,
Ligue 1,2026-2027,2027-05-16,13:00,Lyon,Le Mans,
Ligue 1,2026-2027,2027-05-16,13:00,Marseille,Lens,
Ligue 1,2026-2027,2027-05-16,13:00,Monaco,Paris FC,
Ligue 1,2026-2027,2027-05-16,13:00,Paris SG,Nice,
Ligue 1,2026-2027,2027-05-16,13:00,Strasbourg,Troyes,
Ligue 1,2026-2027,2027-05-16,13:00,Toulouse,Lorient,
Ligue 1,2026-2027,2027-05-22,13:00,Angers,Brest,
Ligue 1,2026-2027,2027-05-22,13:00,Le Havre,Lille,
Ligue 1,2026-2027,2027-05-22,13:00,Le Mans,Strasbourg,
Ligue 1,2026-2027,2027-05-22,13:00,Lens,Rennes,
Ligue 1,2026-2027,2027-05-22,13:00,Lorient,Lyon,
Ligue 1,2026-2027,2027-05-22,13:00,Nice,Monaco,
Ligue 1,2026-2027,2027-05-22,13:00,Paris FC,Marseille,
Ligue 1,2026-2027,2027-05-22,13:00,Toulouse,Auxerre,
Ligue 1,2026-2027,2027-05-22,13:00,Troyes,Paris SG,
Ligue 1,2026-2027,2027-05-29,13:00,Auxerre,Le Havre,
Ligue 1,2026-2027,2027-05-29,13:00,Brest,Lens,
Ligue 1,2026-2027,2027-05-29,13:00,Lille,Le Mans,
Ligue 1,2026-2027,2027-05-29,13:00,Lyon,Paris FC,
Ligue 1,2026-2027,2027-05-29,13:00,Marseille,Lorient,
Ligue 1,2026-2027,2027-05-29,13:00,Monaco,Troyes,
Ligue 1,2026-2027,2027-05-29,13:00,Paris SG,Toulouse,
Ligue 1,2026-2027,2027-05-29,13:00,Rennes,Angers,
Ligue 1,2026-2027,2027-05-29,13:00,Strasbourg,Nice,
Premier League,2026-2027,2026-08-24,19:00,Fulham,Chelsea,
Premier League,2026-2027,2026-08-28,19:00,Crystal Palace,Man City,
Premier League,2026-2027,2026-08-29,11:30,Liverpool,Nott'm Forest,
Premier League,2026-2027,2026-08-29,14:00,Bournemouth,Everton,
Premier League,2026-2027,2026-08-29,14:00,Coventry,Hull,
Premier League,2026-2027,2026-08-29,16:30,Tottenham,Newcastle,
Premier League,2026-2027,2026-08-30,13:00,Chelsea,Brighton,
Premier League,2026-2027,2026-08-30,13:00,Leeds,Brentford,
Premier League,2026-2027,2026-08-30,13:00,Sunderland,Fulham,
Premier League,2026-2027,2026-08-30,15:30,Man United,Ipswich,
Premier League,2026-2027,2026-08-31,19:00,Aston Villa,Arsenal,
Premier League,2026-2027,2026-09-04,19:00,Ipswich,Liverpool,
Premier League,2026-2027,2026-09-05,11:30,Newcastle,Bournemouth,
Premier League,2026-2027,2026-09-05,14:00,Brentford,Sunderland,
Premier League,2026-2027,2026-09-05,14:00,Brighton,Leeds,
Premier League,2026-2027,2026-09-05,14:00,Fulham,Crystal Palace,
Premier League,2026-2027,2026-09-05,14:00,Man City,Coventry,
Premier League,2026-2027,2026-09-05,14:00,Nott'm Forest,Tottenham,
Premier League,2026-2027,2026-09-05,16:30,Hull,Aston Villa,
Premier League,2026-2027,2026-09-06,13:00,Everton,Man United,
Premier League,2026-2027,2026-09-06,15:30,Arsenal,Chelsea,
Premier League,2026-2027,2026-09-12,14:00,Aston Villa,Nott'm Forest,
Premier League,2026-2027,2026-09-12,14:00,Bournemouth,Brentford,
Premier League,2026-2027,2026-09-12,14:00,Chelsea,Hull,
Premier League,2026-2027,2026-09-12,14:00,Crystal Palace,Ipswich,
Premier League,2026-2027,2026-09-12,14:00,Liverpool,Fulham,
Premier League,2026-2027,2026-09-12,16:30,Tottenham,Everton,
Premier League,2026-2027,2026-09-12,19:00,Sunderland,Arsenal,
Premier League,2026-2027,2026-09-13,13:00,Coventry,Brighton,
Premier League,2026-2027,2026-09-13,15:30,Man United,Man City,
Premier League,2026-2027,2026-09-14,19:00,Leeds,Newcastle,
Premier League,2026-2027,2026-09-18,19:00,Brentford,Chelsea,
Premier League,2026-2027,2026-09-19,11:30,Tottenham,Aston Villa,
Premier League,2026-2027,2026-09-19,14:00,Brighton,Arsenal,
Premier League,2026-2027,2026-09-19,14:00,Everton,Ipswich,
Premier League,2026-2027,2026-09-19,14:00,Leeds,Crystal Palace,
Premier League,2026-2027,2026-09-19,14:00,Man City,Sunderland,
Premier League,2026-2027,2026-09-19,14:00,Newcastle,Hull,
Premier League,2026-2027,2026-09-19,16:30,Nott'm Forest,Coventry,
Premier League,2026-2027,2026-09-20,13:00,Bournemouth,Liverpool,
Premier League,2026-2027,2026-09-20,15:30,Fulham,Man United,
Premier League,2026-2027,2026-10-10,11:30,Arsenal,Leeds,
Premier League,2026-2027,2026-10-10,14:00,Aston Villa,Brentford,
Premier League,2026-2027,2026-10-10,14:00,Chelsea,Bournemouth,
Premier League,2026-2027,2026-10-10,14:00,Ipswich,Fulham,
Premier League,2026-2027,2026-10-10,14:00,Sunderland,Brighton,
Premier League,2026-2027,2026-10-10,16:30,Man United,Tottenham,
Premier League,2026-2027,2026-10-11,13:00,Crystal Palace,Nott'm Forest,
Premier League,2026-2027,2026-10-11,13:00,Hull,Everton,
Premier League,2026-2027,2026-10-11,15:30,Liverpool,Man City,
Premier League,2026-2027,2026-10-12,19:00,Coventry,Newcastle,
Premier League,2026-2027,2026-10-17,11:30,Everton,Chelsea,
Premier League,2026-2027,2026-10-17,14:00,Brentford,Liverpool,
Premier League,2026-2027,2026-10-17,14:00,Fulham,Hull,
Premier League,2026-2027,2026-10-17,14:00,Man City,Ipswich,
Premier League,2026-2027,2026-10-17,16:30,Newcastle,Aston Villa,
Premier League,2026-2027,2026-10-18,13:00,Bournemouth,Sunderland,
Premier League,2026-2027,2026-10-18,13:00,Brighton,Crystal Palace,
Premier League,2026-2027,2026-10-18,13:00,Leeds,Man United,
Premier League,2026-2027,2026-10-18,15:30,Nott'm Forest,Arsenal,
Premier League,2026-2027,2026-10-19,19:00,Tottenham,Coventry,
Premier League,2026-2027,2026-10-23,19:00,Ipswich,Nott'm Forest,
Premier League,2026-2027,2026-10-24,11:30,Aston Villa,Man City,
Premier League,2026-2027,2026-10-24,14:00,Arsenal,Everton,
Premier League,2026-2027,2026-10-24,14:00,Coventry,Fulham,
Premier League,2026-2027,2026-10-24,14:00,Liverpool,Brighton,
Premier League,2026-2027,2026-10-24,16:30,Chelsea,Tottenham,
Premier League,2026-2027,2026-10-25,14:00,Crystal Palace,Newcastle,
Premier League,2026-2027,2026-10-25,14:00,Hull,Brentford,
Premier League,2026-2027,2026-10-25,14:00,Man United,Bournemouth,
Premier League,2026-2027,2026-10-25,16:30,Sunderland,Leeds,
Premier League,2026-2027,2026-10-31,12:30,Chelsea,Man United,
Premier League,2026-2027,2026-10-31,15:00,Bournemouth,Leeds,
Premier League,2026-2027,2026-10-31,15:00,Brentford,Nott'm Forest,
Premier League,2026-2027,2026-10-31,15:00,Coventry,Sunderland,
Premier League,2026-2027,2026-10-31,15:00,Hull,Ipswich,
Premier League,2026-2027,2026-10-31,15:00,Man City,Brighton,
Premier League,2026-2027,2026-10-31,17:30,Tottenham,Crystal Palace,
Premier League,2026-2027,2026-11-01,14:00,Aston Villa,Fulham,
Premier League,2026-2027,2026-11-01,16:30,Liverpool,Arsenal,
Premier League,2026-2027,2026-11-02,20:00,Newcastle,Everton,
Premier League,2026-2027,2026-11-07,15:00,Arsenal,Hull,
Premier League,2026-2027,2026-11-07,15:00,Brighton,Brentford,
Premier League,2026-2027,2026-11-07,15:00,Crystal Palace,Liverpool,
Premier League,2026-2027,2026-11-07,15:00,Everton,Coventry,
Premier League,2026-2027,2026-11-07,15:00,Fulham,Newcastle,
Premier League,2026-2027,2026-11-07,15:00,Ipswich,Bournemouth,
Premier League,2026-2027,2026-11-07,15:00,Leeds,Tottenham,
Premier League,2026-2027,2026-11-07,15:00,Man United,Aston Villa,
Premier League,2026-2027,2026-11-07,15:00,Nott'm Forest,Man City,
Premier League,2026-2027,2026-11-07,15:00,Sunderland,Chelsea,
Premier League,2026-2027,2026-11-21,15:00,Aston Villa,Sunderland,
Premier League,2026-2027,2026-11-21,15:00,Bournemouth,Nott'm Forest,
Premier League,2026-2027,2026-11-21,15:00,Brentford,Everton,
Premier League,2026-2027,2026-11-21,15:00,Chelsea,Leeds,
Premier League,2026-2027,2026-11-21,15:00,Coventry,Crystal Palace,
Premier League,2026-2027,2026-11-21,15:00,Hull,Brighton,
Premier League,2026-2027,2026-11-21,15:00,Liverpool,Man United,
Premier League,2026-2027,2026-11-21,15:00,Man City,Fulham,
Premier League,2026-2027,2026-11-21,15:00,Newcastle,Arsenal,
Premier League,2026-2027,2026-11-21,15:00,Tottenham,Ipswich,
Premier League,2026-2027,2026-11-28,15:00,Arsenal,Man City,
Premier League,2026-2027,2026-11-28,15:00,Brighton,Newcastle,
Premier League,2026-2027,2026-11-28,15:00,Crystal Palace,Hull,
Premier League,2026-2027,2026-11-28,15:00,Everton,Liverpool,
Premier League,2026-2027,2026-11-28,15:00,Fulham,Bournemouth,
Premier League,2026-2027,2026-11-28,15:00,Ipswich,Aston Villa,
Premier League,2026-2027,2026-11-28,15:00,Leeds,Coventry,
Premier League,2026-2027,2026-11-28,15:00,Man United,Brentford,
Premier League,2026-2027,2026-11-28,15:00,Nott'm Forest,Chelsea,
Premier League,2026-2027,2026-11-28,15:00,Sunderland,Tottenham,
Premier League,2026-2027,2026-12-02,20:00,Aston Villa,Everton,
Premier League,2026-2027,2026-12-02,20:00,Bournemouth,Brighton,
Premier League,2026-2027,2026-12-02,20:00,Brentford,Arsenal,
Premier League,2026-2027,2026-12-02,20:00,Chelsea,Crystal Palace,
Premier League,2026-2027,2026-12-02,20:00,Coventry,Ipswich,
Premier League,2026-2027,2026-12-02,20:00,Hull,Nott'm Forest,
Premier League,2026-2027,2026-12-02,20:00,Liverpool,Sunderland,
Premier League,2026-2027,2026-12-02,20:00,Man City,Leeds,
Premier League,2026-2027,2026-12-02,20:00,Newcastle,Man United,
Premier League,2026-2027,2026-12-02,20:00,Tottenham,Fulham,
Premier League,2026-2027,2026-12-05,15:00,Aston Villa,Crystal Palace,
Premier League,2026-2027,2026-12-05,15:00,Bournemouth,Hull,
Premier League,2026-2027,2026-12-05,15:00,Brentford,Man City,
Premier League,2026-2027,2026-12-05,15:00,Chelsea,Liverpool,
Premier League,2026-2027,2026-12-05,15:00,Everton,Fulham,
Premier League,2026-2027,2026-12-05,15:00,Leeds,Ipswich,
Premier League,2026-2027,2026-12-05,15:00,Man United,Coventry,
Premier League,2026-2027,2026-12-05,15:00,Newcastle,Sunderland,
Premier League,2026-2027,2026-12-05,15:00,Nott'm Forest,Brighton,
Premier League,2026-2027,2026-12-05,15:00,Tottenham,Arsenal,
Premier League,2026-2027,2026-12-12,15:00,Arsenal,Bournemouth,
Premier League,2026-2027,2026-12-12,15:00,Brighton,Everton,
Premier League,2026-2027,2026-12-12,15:00,Coventry,Aston Villa,
Premier League,2026-2027,2026-12-12,15:00,Crystal Palace,Man United,
Premier League,2026-2027,2026-12-12,15:00,Fulham,Brentford,
Premier League,2026-2027,2026-12-12,15:00,Hull,Tottenham,
Premier League,2026-2027,2026-12-12,15:00,Ipswich,Newcastle,
Premier League,2026-2027,2026-12-12,15:00,Liverpool,Leeds,
Premier League,2026-2027,2026-12-12,15:00,Man City,Chelsea,
Premier League,2026-2027,2026-12-12,15:00,Sunderland,Nott'm Forest,
Premier League,2026-2027,2026-12-19,15:00,Arsenal,Man United,
Premier League,2026-2027,2026-12-19,15:00,Bournemouth,Coventry,
Premier League,2026-2027,2026-12-19,15:00,Brentford,Newcastle,
Premier League,2026-2027,2026-12-19,15:00,Brighton,Ipswich,
Premier League,2026-2027,2026-12-19,15:00,Chelsea,Aston Villa,
Premier League,2026-2027,2026-12-19,15:00,Leeds,Fulham,
Premier League,2026-2027,2026-12-19,15:00,Liverpool,Tottenham,
Premier League,2026-2027,2026-12-19,15:00,Man City,Hull,
Premier League,2026-2027,2026-12-19,15:00,Nott'm Forest,Everton,
Premier League,2026-2027,2026-12-19,15:00,Sunderland,Crystal Palace,
Premier League,2026-2027,2026-12-26,15:00,Aston Villa,Leeds,
Premier League,2026-2027,2026-12-26,15:00,Coventry,Chelsea,
Premier League,2026-2027,2026-12-26,15:00,Crystal Palace,Arsenal,
Premier League,2026-2027,2026-12-26,15:00,Everton,Sunderland,
Premier League,2026-2027,2026-12-26,15:00,Fulham,Brighton,
Premier League,2026-2027,2026-12-26,15:00,Hull,Liverpool,
Premier League,2026-2027,2026-12-26,15:00,Ipswich,Brentford,
Premier League,2026-2027,2026-12-26,15:00,Man United,Nott'm Forest,
Premier League,2026-2027,2026-12-26,15:00,Newcastle,Man City,
Premier League,2026-2027,2026-12-26,15:00,Tottenham,Bournemouth,
Premier League,2026-2027,2026-12-30,20:00,Aston Villa,Liverpool,
Premier League,2026-2027,2026-12-30,20:00,Coventry,Brentford,
Premier League,2026-2027,2026-12-30,20:00,Crystal Palace,Bournemouth,
Premier League,2026-2027,2026-12-30,20:00,Everton,Man City,
Premier League,2026-2027,2026-12-30,20:00,Fulham,Arsenal,
Premier League,2026-2027,2026-12-30,20:00,Hull,Leeds,
Premier League,2026-2027,2026-12-30,20:00,Ipswich,Chelsea,
Premier League,2026-2027,2026-12-30,20:00,Man United,Sunderland,
Premier League,2026-2027,2026-12-30,20:00,Newcastle,Nott'm Forest,
Premier League,2026-2027,2026-12-30,20:00,Tottenham,Brighton,
Premier League,2026-2027,2027-01-02,15:00,Arsenal,Ipswich,
Premier League,2026-2027,2027-01-02,15:00,Bournemouth,Aston Villa,
Premier League,2026-2027,2027-01-02,15:00,Brentford,Crystal Palace,
Premier League,2026-2027,2027-01-02,15:00,Brighton,Man United,
Premier League,2026-2027,2027-01-02,15:00,Chelsea,Newcastle,
Premier League,2026-2027,2027-01-02,15:00,Leeds,Everton,
Premier League,2026-2027,2027-01-02,15:00,Liverpool,Coventry,
Premier League,2026-2027,2027-01-02,15:00,Man City,Tottenham,
Premier League,2026-2027,2027-01-02,15:00,Nott'm Forest,Fulham,
Premier League,2026-2027,2027-01-02,15:00,Sunderland,Hull,
Premier League,2026-2027,2027-01-06,20:00,Arsenal,Brentford,
Premier League,2026-2027,2027-01-06,20:00,Brighton,Bournemouth,
Premier League,2026-2027,2027-01-06,20:00,Crystal Palace,Chelsea,
Premier League,2026-2027,2027-01-06,20:00,Everton,Aston Villa,
Premier League,2026-2027,2027-01-06,20:00,Fulham,Tottenham,
Premier League,2026-2027,2027-01-06,20:00,Ipswich,Coventry,
Premier League,2026-2027,2027-01-06,20:00,Leeds,Man City,
Premier League,2026-2027,2027-01-06,20:00,Man United,Newcastle,
Premier League,2026-2027,2027-01-06,20:00,Nott'm Forest,Hull,
Premier League,2026-2027,2027-01-06,20:00,Sunderland,Liverpool,
Premier League,2026-2027,2027-01-16,15:00,Aston Villa,Man United,
Premier League,2026-2027,2027-01-16,15:00,Bournemouth,Ipswich,
Premier League,2026-2027,2027-01-16,15:00,Brentford,Brighton,
Premier League,2026-2027,2027-01-16,15:00,Chelsea,Sunderland,
Premier League,2026-2027,2027-01-16,15:00,Coventry,Everton,
Premier League,2026-2027,2027-01-16,15:00,Hull,Arsenal,
Premier League,2026-2027,2027-01-16,15:00,Liverpool,Crystal Palace,
Premier League,2026-2027,2027-01-16,15:00,Man City,Nott'm Forest,
Premier League,2026-2027,2027-01-16,15:00,Newcastle,Fulham,
Premier League,2026-2027,2027-01-16,15:00,Tottenham,Leeds,
Premier League,2026-2027,2027-01-23,15:00,Arsenal,Newcastle,
Premier League,2026-2027,2027-01-23,15:00,Brighton,Man City,
Premier League,2026-2027,2027-01-23,15:00,Crystal Palace,Tottenham,
Premier League,2026-2027,2027-01-23,15:00,Everton,Brentford,
Premier League,2026-2027,2027-01-23,15:00,Fulham,Aston Villa,
Premier League,2026-2027,2027-01-23,15:00,Ipswich,Hull,
Premier League,2026-2027,2027-01-23,15:00,Leeds,Chelsea,
Premier League,2026-2027,2027-01-23,15:00,Man United,Liverpool,
Premier League,2026-2027,2027-01-23,15:00,Nott'm Forest,Bournemouth,
Premier League,2026-2027,2027-01-23,15:00,Sunderland,Coventry,
Premier League,2026-2027,2027-01-30,15:00,Aston Villa,Ipswich,
Premier League,2026-2027,2027-01-30,15:00,Bournemouth,Fulham,
Premier League,2026-2027,2027-01-30,15:00,Brentford,Man United,
Premier League,2026-2027,2027-01-30,15:00,Chelsea,Nott'm Forest,
Premier League,2026-2027,2027-01-30,15:00,Coventry,Leeds,
Premier League,2026-2027,2027-01-30,15:00,Hull,Crystal Palace,
Premier League,2026-2027,2027-01-30,15:00,Liverpool,Everton,
Premier League,2026-2027,2027-01-30,15:00,Man City,Arsenal,
Premier League,2026-2027,2027-01-30,15:00,Newcastle,Brighton,
Premier League,2026-2027,2027-01-30,15:00,Tottenham,Sunderland,
Premier League,2026-2027,2027-02-06,15:00,Arsenal,Liverpool,
Premier League,2026-2027,2027-02-06,15:00,Brighton,Hull,
Premier League,2026-2027,2027-02-06,15:00,Crystal Palace,Coventry,
Premier League,2026-2027,2027-02-06,15:00,Everton,Newcastle,
Premier League,2026-2027,2027-02-06,15:00,Fulham,Man City,
Premier League,2026-2027,2027-02-06,15:00,Ipswich,Tottenham,
Premier League,2026-2027,2027-02-06,15:00,Leeds,Bournemouth,
Premier League,2026-2027,2027-02-06,15:00,Man United,Chelsea,
Premier League,2026-2027,2027-02-06,15:00,Nott'm Forest,Brentford,
Premier League,2026-2027,2027-02-06,15:00,Sunderland,Aston Villa,
Premier League,2026-2027,2027-02-10,20:00,Aston Villa,Bournemouth,
Premier League,2026-2027,2027-02-10,20:00,Coventry,Liverpool,
Premier League,2026-2027,2027-02-10,20:00,Crystal Palace,Brentford,
Premier League,2026-2027,2027-02-10,20:00,Everton,Leeds,
Premier League,2026-2027,2027-02-10,20:00,Fulham,Nott'm Forest,
Premier League,2026-2027,2027-02-10,20:00,Hull,Sunderland,
Premier League,2026-2027,2027-02-10,20:00,Ipswich,Arsenal,
Premier League,2026-2027,2027-02-10,20:00,Man United,Brighton,
Premier League,2026-2027,2027-02-10,20:00,Newcastle,Chelsea,
Premier League,2026-2027,2027-02-10,20:00,Tottenham,Man City,
Premier League,2026-2027,2027-02-20,15:00,Arsenal,Fulham,
Premier League,2026-2027,2027-02-20,15:00,Bournemouth,Crystal Palace,
Premier League,2026-2027,2027-02-20,15:00,Brentford,Coventry,
Premier League,2026-2027,2027-02-20,15:00,Brighton,Tottenham,
Premier League,2026-2027,2027-02-20,15:00,Chelsea,Ipswich,
Premier League,2026-2027,2027-02-20,15:00,Leeds,Aston Villa,
Premier League,2026-2027,2027-02-20,15:00,Liverpool,Hull,
Premier League,2026-2027,2027-02-20,15:00,Man City,Newcastle,
Premier League,2026-2027,2027-02-20,15:00,Nott'm Forest,Man United,
Premier League,2026-2027,2027-02-20,15:00,Sunderland,Everton,
Premier League,2026-2027,2027-02-27,15:00,Aston Villa,Chelsea,
Premier League,2026-2027,2027-02-27,15:00,Coventry,Bournemouth,
Premier League,2026-2027,2027-02-27,15:00,Crystal Palace,Sunderland,
Premier League,2026-2027,2027-02-27,15:00,Everton,Nott'm Forest,
Premier League,2026-2027,2027-02-27,15:00,Fulham,Leeds,
Premier League,2026-2027,2027-02-27,15:00,Hull,Man City,
Premier League,2026-2027,2027-02-27,15:00,Ipswich,Brighton,
Premier League,2026-2027,2027-02-27,15:00,Man United,Arsenal,
Premier League,2026-2027,2027-02-27,15:00,Newcastle,Brentford,
Premier League,2026-2027,2027-02-27,15:00,Tottenham,Liverpool,
Premier League,2026-2027,2027-03-03,20:00,Arsenal,Crystal Palace,
Premier League,2026-2027,2027-03-03,20:00,Bournemouth,Tottenham,
Premier League,2026-2027,2027-03-03,20:00,Brentford,Ipswich,
Premier League,2026-2027,2027-03-03,20:00,Brighton,Fulham,
Premier League,2026-2027,2027-03-03,20:00,Chelsea,Coventry,
Premier League,2026-2027,2027-03-03,20:00,Leeds,Hull,
Premier League,2026-2027,2027-03-03,20:00,Liverpool,Aston Villa,
Premier League,2026-2027,2027-03-03,20:00,Man City,Everton,
Premier League,2026-2027,2027-03-03,20:00,Nott'm Forest,Newcastle,
Premier League,2026-2027,2027-03-03,20:00,Sunderland,Man United,
Premier League,2026-2027,2027-03-13,15:00,Aston Villa,Hull,
Premier League,2026-2027,2027-03-13,15:00,Bournemouth,Newcastle,
Premier League,2026-2027,2027-03-13,15:00,Chelsea,Arsenal,
Premier League,2026-2027,2027-03-13,15:00,Coventry,Man City,
Premier League,2026-2027,2027-03-13,15:00,Crystal Palace,Fulham,
Premier League,2026-2027,2027-03-13,15:00,Leeds,Brighton,
Premier League,2026-2027,2027-03-13,15:00,Liverpool,Ipswich,
Premier League,2026-2027,2027-03-13,15:00,Man United,Everton,
Premier League,2026-2027,2027-03-13,15:00,Sunderland,Brentford,
Premier League,2026-2027,2027-03-13,15:00,Tottenham,Nott'm Forest,
Premier League,2026-2027,2027-03-20,15:00,Arsenal,Sunderland,
Premier League,2026-2027,2027-03-20,15:00,Brentford,Bournemouth,
Premier League,2026-2027,2027-03-20,15:00,Brighton,Coventry,
Premier League,2026-2027,2027-03-20,15:00,Everton,Tottenham,
Premier League,2026-2027,2027-03-20,15:00,Fulham,Liverpool,
Premier League,2026-2027,2027-03-20,15:00,Hull,Chelsea,
Premier League,2026-2027,2027-03-20,15:00,Ipswich,Crystal Palace,
Premier League,2026-2027,2027-03-20,15:00,Man City,Man United,
Premier League,2026-2027,2027-03-20,15:00,Newcastle,Leeds,
Premier League,2026-2027,2027-03-20,15:00,Nott'm Forest,Aston Villa,
Premier League,2026-2027,2027-04-10,14:00,Aston Villa,Brighton,
Premier League,2026-2027,2027-04-10,14:00,Bournemouth,Man City,
Premier League,2026-2027,2027-04-10,14:00,Chelsea,Fulham,
Premier League,2026-2027,2027-04-10,14:00,Coventry,Arsenal,
Premier League,2026-2027,2027-04-10,14:00,Crystal Palace,Everton,
Premier League,2026-2027,2027-04-10,14:00,Leeds,Nott'm Forest,
Premier League,2026-2027,2027-04-10,14:00,Liverpool,Newcastle,
Premier League,2026-2027,2027-04-10,14:00,Man United,Hull,
Premier League,2026-2027,2027-04-10,14:00,Sunderland,Ipswich,
Premier League,2026-2027,2027-04-10,14:00,Tottenham,Brentford,
Premier League,2026-2027,2027-04-17,14:00,Arsenal,Aston Villa,
Premier League,2026-2027,2027-04-17,14:00,Brentford,Leeds,
Premier League,2026-2027,2027-04-17,14:00,Brighton,Chelsea,
Premier League,2026-2027,2027-04-17,14:00,Everton,Bournemouth,
Premier League,2026-2027,2027-04-17,14:00,Fulham,Sunderland,
Premier League,2026-2027,2027-04-17,14:00,Hull,Coventry,
Premier League,2026-2027,2027-04-17,14:00,Ipswich,Man United,
Premier League,2026-2027,2027-04-17,14:00,Man City,Crystal Palace,
Premier League,2026-2027,2027-04-17,14:00,Newcastle,Tottenham,
Premier League,2026-2027,2027-04-17,14:00,Nott'm Forest,Liverpool,
Premier League,2026-2027,2027-04-24,14:00,Aston Villa,Coventry,
Premier League,2026-2027,2027-04-24,14:00,Bournemouth,Arsenal,
Premier League,2026-2027,2027-04-24,14:00,Brentford,Fulham,
Premier League,2026-2027,2027-04-24,14:00,Chelsea,Man City,
Premier League,2026-2027,2027-04-24,14:00,Everton,Brighton,
Premier League,2026-2027,2027-04-24,14:00,Leeds,Liverpool,
Premier League,2026-2027,2027-04-24,14:00,Man United,Crystal Palace,
Premier League,2026-2027,2027-04-24,14:00,Newcastle,Ipswich,
Premier League,2026-2027,2027-04-24,14:00,Nott'm Forest,Sunderland,
Premier League,2026-2027,2027-04-24,14:00,Tottenham,Hull,
Premier League,2026-2027,2027-05-01,14:00,Arsenal,Tottenham,
Premier League,2026-2027,2027-05-01,14:00,Brighton,Nott'm Forest,
Premier League,2026-2027,2027-05-01,14:00,Coventry,Man United,
Premier League,2026-2027,2027-05-01,14:00,Crystal Palace,Aston Villa,
Premier League,2026-2027,2027-05-01,14:00,Fulham,Everton,
Premier League,2026-2027,2027-05-01,14:00,Hull,Bournemouth,
Premier League,2026-2027,2027-05-01,14:00,Ipswich,Leeds,
Premier League,2026-2027,2027-05-01,14:00,Liverpool,Chelsea,
Premier League,2026-2027,2027-05-01,14:00,Man City,Brentford,
Premier League,2026-2027,2027-05-01,14:00,Sunderland,Newcastle,
Premier League,2026-2027,2027-05-08,14:00,Bournemouth,Man United,
Premier League,2026-2027,2027-05-08,14:00,Brentford,Aston Villa,
Premier League,2026-2027,2027-05-08,14:00,Brighton,Sunderland,
Premier League,2026-2027,2027-05-08,14:00,Everton,Hull,
Premier League,2026-2027,2027-05-08,14:00,Fulham,Ipswich,
Premier League,2026-2027,2027-05-08,14:00,Leeds,Arsenal,
Premier League,2026-2027,2027-05-08,14:00,Man City,Liverpool,
Premier League,2026-2027,2027-05-08,14:00,Newcastle,Coventry,
Premier League,2026-2027,2027-05-08,14:00,Nott'm Forest,Crystal Palace,
Premier League,2026-2027,2027-05-08,14:00,Tottenham,Chelsea,
Premier League,2026-2027,2027-05-15,14:00,Arsenal,Nott'm Forest,
Premier League,2026-2027,2027-05-15,14:00,Aston Villa,Newcastle,
Premier League,2026-2027,2027-05-15,14:00,Chelsea,Everton,
Premier League,2026-2027,2027-05-15,14:00,Coventry,Tottenham,
Premier League,2026-2027,2027-05-15,14:00,Crystal Palace,Brighton,
Premier League,2026-2027,2027-05-15,14:00,Hull,Fulham,
Premier League,2026-2027,2027-05-15,14:00,Ipswich,Man City,
Premier League,2026-2027,2027-05-15,14:00,Liverpool,Brentford,
Premier League,2026-2027,2027-05-15,14:00,Man United,Leeds,
Premier League,2026-2027,2027-05-15,14:00,Sunderland,Bournemouth,
Premier League,2026-2027,2027-05-23,14:00,Bournemouth,Chelsea,
Premier League,2026-2027,2027-05-23,14:00,Brentford,Hull,
Premier League,2026-2027,2027-05-23,14:00,Brighton,Liverpool,
Premier League,2026-2027,2027-05-23,14:00,Everton,Arsenal,
Premier League,2026-2027,2027-05-23,14:00,Fulham,Coventry,
Premier League,2026-2027,2027-05-23,14:00,Leeds,Sunderland,
Premier League,2026-2027,2027-05-23,14:00,Man City,Aston Villa,
Premier League,2026-2027,2027-05-23,14:00,Newcastle,Crystal Palace,
Premier League,2026-2027,2027-05-23,14:00,Nott'm Forest,Ipswich,
Premier League,2026-2027,2027-05-23,14:00,Tottenham,Man United,
Premier League,2026-2027,2027-05-30,15:00,Arsenal,Brighton,
Premier League,2026-2027,2027-05-30,15:00,Aston Villa,Tottenham,
Premier League,2026-2027,2027-05-30,15:00,Chelsea,Brentford,
Premier League,2026-2027,2027-05-30,15:00,Coventry,Nott'm Forest,
Premier League,2026-2027,2027-05-30,15:00,Crystal Palace,Leeds,
Premier League,2026-2027,2027-05-30,15:00,Hull,Newcastle,
Premier League,2026-2027,2027-05-30,15:00,Ipswich,Everton,
Premier League,2026-2027,2027-05-30,15:00,Liverpool,Bournemouth,
Premier League,2026-2027,2027-05-30,15:00,Man United,Fulham,
Premier League,2026-2027,2027-05-30,15:00,Sunderland,Man City,
Serie A,2026-2027,2026-08-24,16:30,Bologna,Lazio,
Serie A,2026-2027,2026-08-24,18:45,Roma,Fiorentina,
Serie A,2026-2027,2026-08-28,18:45,Milan,Venezia,
Serie A,2026-2027,2026-08-29,16:30,Fiorentina,Frosinone,
Serie A,2026-2027,2026-08-29,16:30,Monza,Udinese,
Serie A,2026-2027,2026-08-29,16:30,Sassuolo,Torino,
Serie A,2026-2027,2026-08-29,18:45,Juventus,Parma,
Serie A,2026-2027,2026-08-30,16:30,Napoli,Como,
Serie A,2026-2027,2026-08-30,18:45,Cagliari,Inter,
Serie A,2026-2027,2026-08-30,18:45,Lazio,Genoa,
Serie A,2026-2027,2026-08-31,16:30,Lecce,Roma,
Serie A,2026-2027,2026-08-31,18:45,Atalanta,Bologna,
Serie A,2026-2027,2026-09-04,18:45,Genoa,Como,
Serie A,2026-2027,2026-09-05,13:00,Fiorentina,Torino,
Serie A,2026-2027,2026-09-05,16:00,Inter,Napoli,
Serie A,2026-2027,2026-09-05,18:45,Roma,Atalanta,
Serie A,2026-2027,2026-09-06,13:00,Frosinone,Venezia,
Serie A,2026-2027,2026-09-06,13:00,Parma,Monza,
Serie A,2026-2027,2026-09-06,16:00,Bologna,Sassuolo,
Serie A,2026-2027,2026-09-06,18:45,Juventus,Milan,
Serie A,2026-2027,2026-09-07,16:00,Cagliari,Lecce,
Serie A,2026-2027,2026-09-07,18:45,Udinese,Lazio,
Serie A,2026-2027,2026-09-11,18:45,Venezia,Fiorentina,
Serie A,2026-2027,2026-09-12,13:00,Genoa,Frosinone,
Serie A,2026-2027,2026-09-12,16:00,Sassuolo,Juventus,
Serie A,2026-2027,2026-09-12,18:45,Atalanta,Cagliari,
Serie A,2026-2027,2026-09-13,10:30,Torino,Roma,
Serie A,2026-2027,2026-09-13,13:00,Como,Parma,
Serie A,2026-2027,2026-09-13,13:00,Lecce,Monza,
Serie A,2026-2027,2026-09-13,16:00,Napoli,Bologna,
Serie A,2026-2027,2026-09-13,18:45,Lazio,Milan,
Serie A,2026-2027,2026-09-14,18:45,Inter,Udinese,
Serie A,2026-2027,2026-09-18,18:45,Monza,Sassuolo,
Serie A,2026-2027,2026-09-19,13:00,Bologna,Torino,
Serie A,2026-2027,2026-09-19,13:00,Udinese,Cagliari,
Serie A,2026-2027,2026-09-19,16:00,Roma,Inter,
Serie A,2026-2027,2026-09-19,18:45,Venezia,Lazio,
Serie A,2026-2027,2026-09-20,10:30,Fiorentina,Napoli,
Serie A,2026-2027,2026-09-20,13:00,Frosinone,Como,
Serie A,2026-2027,2026-09-20,13:00,Parma,Genoa,
Serie A,2026-2027,2026-09-20,16:00,Juventus,Atalanta,
Serie A,2026-2027,2026-09-20,18:45,Milan,Lecce,
Serie A,2026-2027,2026-10-11,13:00,Atalanta,Venezia,
Serie A,2026-2027,2026-10-11,13:00,Cagliari,Juventus,
Serie A,2026-2027,2026-10-11,13:00,Como,Roma,
Serie A,2026-2027,2026-10-11,13:00,Genoa,Fiorentina,
Serie A,2026-2027,2026-10-11,13:00,Inter,Parma,
Serie A,2026-2027,2026-10-11,13:00,Lazio,Monza,
Serie A,2026-2027,2026-10-11,13:00,Lecce,Bologna,
Serie A,2026-2027,2026-10-11,13:00,Napoli,Frosinone,
Serie A,2026-2027,2026-10-11,13:00,Sassuolo,Milan,
Serie A,2026-2027,2026-10-11,13:00,Torino,Udinese,
Serie A,2026-2027,2026-10-17,13:00,Bologna,Inter,
Serie A,2026-2027,2026-10-17,13:00,Fiorentina,Como,
Serie A,2026-2027,2026-10-17,13:00,Frosinone,Sassuolo,
Serie A,2026-2027,2026-10-17,13:00,Juventus,Lazio,
Serie A,2026-2027,2026-10-17,13:00,Milan,Atalanta,
Serie A,2026-2027,2026-10-17,13:00,Monza,Cagliari,
Serie A,2026-2027,2026-10-17,13:00,Parma,Torino,
Serie A,2026-2027,2026-10-17,13:00,Roma,Genoa,
Serie A,2026-2027,2026-10-17,13:00,Udinese,Lecce,
Serie A,2026-2027,2026-10-17,13:00,Venezia,Napoli,
Serie A,2026-2027,2026-10-25,14:00,Atalanta,Frosinone,
Serie A,2026-2027,2026-10-25,14:00,Cagliari,Bologna,
Serie A,2026-2027,2026-10-25,14:00,Como,Sassuolo,
Serie A,2026-2027,2026-10-25,14:00,Genoa,Venezia,
Serie A,2026-2027,2026-10-25,14:00,Inter,Fiorentina,
Serie A,2026-2027,2026-10-25,14:00,Lazio,Parma,
Serie A,2026-2027,2026-10-25,14:00,Lecce,Juventus,
Serie A,2026-2027,2026-10-25,14:00,Napoli,Roma,
Serie A,2026-2027,2026-10-25,14:00,Torino,Monza,
Serie A,2026-2027,2026-10-25,14:00,Udinese,Milan,
Serie A,2026-2027,2026-10-28,14:00,Fiorentina,Atalanta,
Serie A,2026-2027,2026-10-28,14:00,Frosinone,Lecce,
Serie A,2026-2027,2026-10-28,14:00,Genoa,Juventus,
Serie A,2026-2027,2026-10-28,14:00,Milan,Bologna,
Serie A,2026-2027,2026-10-28,14:00,Monza,Napoli,
Serie A,2026-2027,2026-10-28,14:00,Parma,Udinese,
Serie A,2026-2027,2026-10-28,14:00,Roma,Cagliari,
Serie A,2026-2027,2026-10-28,14:00,Sassuolo,Lazio,
Serie A,2026-2027,2026-10-28,14:00,Torino,Como,
Serie A,2026-2027,2026-10-28,14:00,Venezia,Inter,
Serie A,2026-2027,2026-11-01,14:00,Atalanta,Parma,
Serie A,2026-2027,2026-11-01,14:00,Bologna,Monza,
Serie A,2026-2027,2026-11-01,14:00,Como,Venezia,
Serie A,2026-2027,2026-11-01,14:00,Frosinone,Torino,
Serie A,2026-2027,2026-11-01,14:00,Juventus,Napoli,
Serie A,2026-2027,2026-11-01,14:00,Lazio,Cagliari,
Serie A,2026-2027,2026-11-01,14:00,Lecce,Genoa,
Serie A,2026-2027,2026-11-01,14:00,Milan,Inter,
Serie A,2026-2027,2026-11-01,14:00,Sassuolo,Fiorentina,
Serie A,2026-2027,2026-11-01,14:00,Udinese,Roma,
Serie A,2026-2027,2026-11-08,14:00,Cagliari,Frosinone,
Serie A,2026-2027,2026-11-08,14:00,Fiorentina,Juventus,
Serie A,2026-2027,2026-11-08,14:00,Genoa,Milan,
Serie A,2026-2027,2026-11-08,14:00,Inter,Como,
Serie A,2026-2027,2026-11-08,14:00,Monza,Atalanta,
Serie A,2026-2027,2026-11-08,14:00,Napoli,Lazio,
Serie A,2026-2027,2026-11-08,14:00,Parma,Bologna,
Serie A,2026-2027,2026-11-08,14:00,Roma,Sassuolo,
Serie A,2026-2027,2026-11-08,14:00,Torino,Lecce,
Serie A,2026-2027,2026-11-08,14:00,Venezia,Udinese,
Serie A,2026-2027,2026-11-22,14:00,Atalanta,Inter,
Serie A,2026-2027,2026-11-22,14:00,Bologna,Udinese,
Serie A,2026-2027,2026-11-22,14:00,Como,Cagliari,
Serie A,2026-2027,2026-11-22,14:00,Juventus,Venezia,
Serie A,2026-2027,2026-11-22,14:00,Lazio,Lecce,
Serie A,2026-2027,2026-11-22,14:00,Milan,Frosinone,
Serie A,2026-2027,2026-11-22,14:00,Monza,Fiorentina,
Serie A,2026-2027,2026-11-22,14:00,Napoli,Torino,
Serie A,2026-2027,2026-11-22,14:00,Parma,Roma,
Serie A,2026-2027,2026-11-22,14:00,Sassuolo,Genoa,
Serie A,2026-2027,2026-11-29,14:00,Cagliari,Milan,
Serie A,2026-2027,2026-11-29,14:00,Como,Juventus,
Serie A,2026-2027,2026-11-29,14:00,Frosinone,Parma,
Serie A,2026-2027,2026-11-29,14:00,Inter,Genoa,
Serie A,2026-2027,2026-11-29,14:00,Lecce,Atalanta,
Serie A,2026-2027,2026-11-29,14:00,Roma,Monza,
Serie A,2026-2027,2026-11-29,14:00,Sassuolo,Napoli,
Serie A,2026-2027,2026-11-29,14:00,Torino,Lazio,
Serie A,2026-2027,2026-11-29,14:00,Udinese,Fiorentina,
Serie A,2026-2027,2026-11-29,14:00,Venezia,Bologna,
Serie A,2026-2027,2026-12-06,14:00,Bologna,Roma,
Serie A,2026-2027,2026-12-06,14:00,Fiorentina,Cagliari,
Serie A,2026-2027,2026-12-06,14:00,Frosinone,Inter,
Serie A,2026-2027,2026-12-06,14:00,Genoa,Torino,
Serie A,2026-2027,2026-12-06,14:00,Juventus,Udinese,
Serie A,2026-2027,2026-12-06,14:00,Lazio,Atalanta,
Serie A,2026-2027,2026-12-06,14:00,Milan,Parma,
Serie A,2026-2027,2026-12-06,14:00,Monza,Como,
Serie A,2026-2027,2026-12-06,14:00,Napoli,Lecce,
Serie A,2026-2027,2026-12-06,14:00,Venezia,Sassuolo,
Serie A,2026-2027,2026-12-13,14:00,Atalanta,Genoa,
Serie A,2026-2027,2026-12-13,14:00,Cagliari,Venezia,
Serie A,2026-2027,2026-12-13,14:00,Como,Bologna,
Serie A,2026-2027,2026-12-13,14:00,Inter,Torino,
Serie A,2026-2027,2026-12-13,14:00,Juventus,Monza,
Serie A,2026-2027,2026-12-13,14:00,Lazio,Roma,
Serie A,2026-2027,2026-12-13,14:00,Lecce,Sassuolo,
Serie A,2026-2027,2026-12-13,14:00,Napoli,Milan,
Serie A,2026-2027,2026-12-13,14:00,Parma,Fiorentina,
Serie A,2026-2027,2026-12-13,14:00,Udinese,Frosinone,
Serie A,2026-2027,2026-12-20,14:00,Atalanta,Napoli,
Serie A,2026-2027,2026-12-20,14:00,Fiorentina,Bologna,
Serie A,2026-2027,2026-12-20,14:00,Frosinone,Lazio,
Serie A,2026-2027,2026-12-20,14:00,Genoa,Udinese,
Serie A,2026-2027,2026-12-20,14:00,Lecce,Inter,
Serie A,2026-2027,2026-12-20,14:00,Milan,Como,
Serie A,2026-2027,2026-12-20,14:00,Roma,Juventus,
Serie A,2026-2027,2026-12-20,14:00,Sassuolo,Parma,
Serie A,2026-2027,2026-12-20,14:00,Torino,Cagliari,
Serie A,2026-2027,2026-12-20,14:00,Venezia,Monza,
Serie A,2026-2027,2027-01-03,14:00,Bologna,Juventus,
Serie A,2026-2027,2027-01-03,14:00,Cagliari,Genoa,
Serie A,2026-2027,2027-01-03,14:00,Como,Lecce,
Serie A,2026-2027,2027-01-03,14:00,Fiorentina,Lazio,
Serie A,2026-2027,2027-01-03,14:00,Inter,Sassuolo,
Serie A,2026-2027,2027-01-03,14:00,Monza,Milan,
Serie A,2026-2027,2027-01-03,14:00,Parma,Napoli,
Serie A,2026-2027,2027-01-03,14:00,Roma,Frosinone,
Serie A,2026-2027,2027-01-03,14:00,Torino,Venezia,
Serie A,2026-2027,2027-01-03,14:00,Udinese,Atalanta,
Serie A,2026-2027,2027-01-06,14:00,Atalanta,Como,
Serie A,2026-2027,2027-01-06,14:00,Frosinone,Bologna,
Serie A,2026-2027,2027-01-06,14:00,Genoa,Monza,
Serie A,2026-2027,2027-01-06,14:00,Juventus,Torino,
Serie A,2026-2027,2027-01-06,14:00,Lazio,Inter,
Serie A,2026-2027,2027-01-06,14:00,Lecce,Parma,
Serie A,2026-2027,2027-01-06,14:00,Milan,Fiorentina,
Serie A,2026-2027,2027-01-06,14:00,Napoli,Cagliari,
Serie A,2026-2027,2027-01-06,14:00,Sassuolo,Udinese,
Serie A,2026-2027,2027-01-06,14:00,Venezia,Roma,
Serie A,2026-2027,2027-01-10,14:00,Bologna,Genoa,
Serie A,2026-2027,2027-01-10,14:00,Cagliari,Sassuolo,
Serie A,2026-2027,2027-01-10,14:00,Como,Lazio,
Serie A,2026-2027,2027-01-10,14:00,Fiorentina,Lecce,
Serie A,2026-2027,2027-01-10,14:00,Inter,Juventus,
Serie A,2026-2027,2027-01-10,14:00,Monza,Frosinone,
Serie A,2026-2027,2027-01-10,14:00,Parma,Venezia,
Serie A,2026-2027,2027-01-10,14:00,Roma,Milan,
Serie A,2026-2027,2027-01-10,14:00,Torino,Atalanta,
Serie A,2026-2027,2027-01-10,14:00,Udinese,Napoli,
Serie A,2026-2027,2027-01-17,14:00,Atalanta,Roma,
Serie A,2026-2027,2027-01-17,14:00,Cagliari,Como,
Serie A,2026-2027,2027-01-17,14:00,Juventus,Genoa,
Serie A,2026-2027,2027-01-17,14:00,Lazio,Bologna,
Serie A,2026-2027,2027-01-17,14:00,Lecce,Udinese,
Serie A,2026-2027,2027-01-17,14:00,Milan,Torino,
Serie A,2026-2027,2027-01-17,14:00,Napoli,Fiorentina,
Serie A,2026-2027,2027-01-17,14:00,Parma,Inter,
Serie A,2026-2027,2027-01-17,14:00,Sassuolo,Monza,
Serie A,2026-2027,2027-01-17,14:00,Venezia,Frosinone,
Serie A,2026-2027,2027-01-24,14:00,Bologna,Atalanta,
Serie A,2026-2027,2027-01-24,14:00,Como,Napoli,
Serie A,2026-2027,2027-01-24,14:00,Fiorentina,Sassuolo,
Serie A,2026-2027,2027-01-24,14:00,Frosinone,Milan,
Serie A,2026-2027,2027-01-24,14:00,Genoa,Parma,
Serie A,2026-2027,2027-01-24,14:00,Inter,Venezia,
Serie A,2026-2027,2027-01-24,14:00,Juventus,Cagliari,
Serie A,2026-2027,2027-01-24,14:00,Lecce,Torino,
Serie A,2026-2027,2027-01-24,14:00,Monza,Lazio,
Serie A,2026-2027,2027-01-24,14:00,Roma,Udinese,
Serie A,2026-2027,2027-01-31,14:00,Atalanta,Fiorentina,
Serie A,2026-2027,2027-01-31,14:00,Cagliari,Parma,
Serie A,2026-2027,2027-01-31,14:00,Genoa,Lecce,
Serie A,2026-2027,2027-01-31,14:00,Lazio,Venezia,
Serie A,2026-2027,2027-01-31,14:00,Milan,Juventus,
Serie A,2026-2027,2027-01-31,14:00,Monza,Roma,
Serie A,2026-2027,2027-01-31,14:00,Napoli,Inter,
Serie A,2026-2027,2027-01-31,14:00,Sassuolo,Como,
Serie A,2026-2027,2027-01-31,14:00,Torino,Frosinone,
Serie A,2026-2027,2027-01-31,14:00,Udinese,Bologna,
Serie A,2026-2027,2027-02-07,14:00,Atalanta,Lazio,
Serie A,2026-2027,2027-02-07,14:00,Bologna,Milan,
Serie A,2026-2027,2027-02-07,14:00,Como,Monza,
Serie A,2026-2027,2027-02-07,14:00,Fiorentina,Udinese,
Serie A,2026-2027,2027-02-07,14:00,Inter,Cagliari,
Serie A,2026-2027,2027-02-07,14:00,Juventus,Sassuolo,
Serie A,2026-2027,2027-02-07,14:00,Lecce,Napoli,
Serie A,2026-2027,2027-02-07,14:00,Parma,Frosinone,
Serie A,2026-2027,2027-02-07,14:00,Roma,Torino,
Serie A,2026-2027,2027-02-07,14:00,Venezia,Genoa,
Serie A,2026-2027,2027-02-14,14:00,Bologna,Como,
Serie A,2026-2027,2027-02-14,14:00,Cagliari,Lazio,
Serie A,2026-2027,2027-02-14,14:00,Frosinone,Fiorentina,
Serie A,2026-2027,2027-02-14,14:00,Genoa,Atalanta,
Serie A,2026-2027,2027-02-14,14:00,Inter,Milan,
Serie A,2026-2027,2027-02-14,14:00,Monza,Lecce,
Serie A,2026-2027,2027-02-14,14:00,Napoli,Juventus,
Serie A,2026-2027,2027-02-14,14:00,Roma,Parma,
Serie A,2026-2027,2027-02-14,14:00,Torino,Sassuolo,
Serie A,2026-2027,2027-02-14,14:00,Udinese,Venezia,
Serie A,2026-2027,2027-02-21,14:00,Atalanta,Monza,
Serie A,2026-2027,2027-02-21,14:00,Como,Torino,
Serie A,2026-2027,2027-02-21,14:00,Fiorentina,Inter,
Serie A,2026-2027,2027-02-21,14:00,Juventus,Bologna,
Serie A,2026-2027,2027-02-21,14:00,Lazio,Napoli,
Serie A,2026-2027,2027-02-21,14:00,Lecce,Frosinone,
Serie A,2026-2027,2027-02-21,14:00,Milan,Genoa,
Serie A,2026-2027,2027-02-21,14:00,Sassuolo,Roma,
Serie A,2026-2027,2027-02-21,14:00,Udinese,Parma,
Serie A,2026-2027,2027-02-21,14:00,Venezia,Cagliari,
Serie A,2026-2027,2027-02-28,14:00,Bologna,Lecce,
Serie A,2026-2027,2027-02-28,14:00,Cagliari,Udinese,
Serie A,2026-2027,2027-02-28,14:00,Como,Milan,
Serie A,2026-2027,2027-02-28,14:00,Frosinone,Napoli,
Serie A,2026-2027,2027-02-28,14:00,Genoa,Lazio,
Serie A,2026-2027,2027-02-28,14:00,Inter,Atalanta,
Serie A,2026-2027,2027-02-28,14:00,Monza,Juventus,
Serie A,2026-2027,2027-02-28,14:00,Parma,Sassuolo,
Serie A,2026-2027,2027-02-28,14:00,Roma,Venezia,
Serie A,2026-2027,2027-02-28,14:00,Torino,Fiorentina,
Serie A,2026-2027,2027-03-07,14:00,Atalanta,Torino,
Serie A,2026-2027,2027-03-07,14:00,Fiorentina,Venezia,
Serie A,2026-2027,2027-03-07,14:00,Juventus,Roma,
Serie A,2026-2027,2027-03-07,14:00,Lazio,Frosinone,
Serie A,2026-2027,2027-03-07,14:00,Lecce,Como,
Serie A,2026-2027,2027-03-07,14:00,Milan,Cagliari,
Serie A,2026-2027,2027-03-07,14:00,Monza,Genoa,
Serie A,2026-2027,2027-03-07,14:00,Napoli,Parma,
Serie A,2026-2027,2027-03-07,14:00,Sassuolo,Bologna,
Serie A,2026-2027,2027-03-07,14:00,Udinese,Inter,
Serie A,2026-2027,2027-03-14,14:00,Bologna,Napoli,
Serie A,2026-2027,2027-03-14,14:00,Cagliari,Fiorentina,
Serie A,2026-2027,2027-03-14,14:00,Como,Udinese,
Serie A,2026-2027,2027-03-14,14:00,Frosinone,Monza,
Serie A,2026-2027,2027-03-14,14:00,Genoa,Roma,
Serie A,2026-2027,2027-03-14,14:00,Lazio,Juventus,
Serie A,2026-2027,2027-03-14,14:00,Milan,Sassuolo,
Serie A,2026-2027,2027-03-14,14:00,Parma,Lecce,
Serie A,2026-2027,2027-03-14,14:00,Torino,Inter,
Serie A,2026-2027,2027-03-14,14:00,Venezia,Atalanta,
Serie A,2026-2027,2027-03-21,14:00,Atalanta,Milan,
Serie A,2026-2027,2027-03-21,14:00,Fiorentina,Genoa,
Serie A,2026-2027,2027-03-21,14:00,Inter,Frosinone,
Serie A,2026-2027,2027-03-21,14:00,Juventus,Como,
Serie A,2026-2027,2027-03-21,14:00,Monza,Bologna,
Serie A,2026-2027,2027-03-21,14:00,Napoli,Venezia,
Serie A,2026-2027,2027-03-21,14:00,Parma,Lazio,
Serie A,2026-2027,2027-03-21,14:00,Roma,Lecce,
Serie A,2026-2027,2027-03-21,14:00,Sassuolo,Cagliari,
Serie A,2026-2027,2027-03-21,14:00,Udinese,Torino,
Serie A,2026-2027,2027-04-04,13:00,Cagliari,Napoli,
Serie A,2026-2027,2027-04-04,13:00,Como,Fiorentina,
Serie A,2026-2027,2027-04-04,13:00,Frosinone,Udinese,
Serie A,2026-2027,2027-04-04,13:00,Genoa,Inter,
Serie A,2026-2027,2027-04-04,13:00,Lecce,Lazio,
Serie A,2026-2027,2027-04-04,13:00,Milan,Monza,
Serie A,2026-2027,2027-04-04,13:00,Roma,Bologna,
Serie A,2026-2027,2027-04-04,13:00,Sassuolo,Atalanta,
Serie A,2026-2027,2027-04-04,13:00,Torino,Juventus,
Serie A,2026-2027,2027-04-04,13:00,Venezia,Parma,
Serie A,2026-2027,2027-04-11,13:00,Bologna,Venezia,
Serie A,2026-2027,2027-04-11,13:00,Cagliari,Atalanta,
Serie A,2026-2027,2027-04-11,13:00,Fiorentina,Milan,
Serie A,2026-2027,2027-04-11,13:00,Frosinone,Genoa,
Serie A,2026-2027,2027-04-11,13:00,Inter,Roma,
Serie A,2026-2027,2027-04-11,13:00,Juventus,Lecce,
Serie A,2026-2027,2027-04-11,13:00,Lazio,Torino,
Serie A,2026-2027,2027-04-11,13:00,Napoli,Sassuolo,
Serie A,2026-2027,2027-04-11,13:00,Parma,Como,
Serie A,2026-2027,2027-04-11,13:00,Udinese,Monza,
Serie A,2026-2027,2027-04-18,13:00,Atalanta,Udinese,
Serie A,2026-2027,2027-04-18,13:00,Bologna,Cagliari,
Serie A,2026-2027,2027-04-18,13:00,Como,Frosinone,
Serie A,2026-2027,2027-04-18,13:00,Fiorentina,Parma,
Serie A,2026-2027,2027-04-18,13:00,Milan,Napoli,
Serie A,2026-2027,2027-04-18,13:00,Monza,Inter,
Serie A,2026-2027,2027-04-18,13:00,Roma,Lazio,
Serie A,2026-2027,2027-04-18,13:00,Sassuolo,Lecce,
Serie A,2026-2027,2027-04-18,13:00,Torino,Genoa,
Serie A,2026-2027,2027-04-18,13:00,Venezia,Juventus,
Serie A,2026-2027,2027-04-25,13:00,Cagliari,Monza,
Serie A,2026-2027,2027-04-25,13:00,Frosinone,Roma,
Serie A,2026-2027,2027-04-25,13:00,Genoa,Sassuolo,
Serie A,2026-2027,2027-04-25,13:00,Inter,Bologna,
Serie A,2026-2027,2027-04-25,13:00,Juventus,Fiorentina,
Serie A,2026-2027,2027-04-25,13:00,Lazio,Como,
Serie A,2026-2027,2027-04-25,13:00,Lecce,Milan,
Serie A,2026-2027,2027-04-25,13:00,Napoli,Udinese,
Serie A,2026-2027,2027-04-25,13:00,Parma,Atalanta,
Serie A,2026-2027,2027-04-25,13:00,Venezia,Torino,
Serie A,2026-2027,2027-05-02,13:00,Atalanta,Juventus,
Serie A,2026-2027,2027-05-02,13:00,Bologna,Fiorentina,
Serie A,2026-2027,2027-05-02,13:00,Como,Inter,
Serie A,2026-2027,2027-05-02,13:00,Lecce,Cagliari,
Serie A,2026-2027,2027-05-02,13:00,Milan,Lazio,
Serie A,2026-2027,2027-05-02,13:00,Monza,Venezia,
Serie A,2026-2027,2027-05-02,13:00,Roma,Napoli,
Serie A,2026-2027,2027-05-02,13:00,Sassuolo,Frosinone,
Serie A,2026-2027,2027-05-02,13:00,Torino,Parma,
Serie A,2026-2027,2027-05-02,13:00,Udinese,Genoa,
Serie A,2026-2027,2027-05-09,13:00,Fiorentina,Roma,
Serie A,2026-2027,2027-05-09,13:00,Frosinone,Atalanta,
Serie A,2026-2027,2027-05-09,13:00,Genoa,Cagliari,
Serie A,2026-2027,2027-05-09,13:00,Inter,Lecce,
Serie A,2026-2027,2027-05-09,13:00,Lazio,Sassuolo,
Serie A,2026-2027,2027-05-09,13:00,Napoli,Monza,
Serie A,2026-2027,2027-05-09,13:00,Parma,Milan,
Serie A,2026-2027,2027-05-09,13:00,Torino,Bologna,
Serie A,2026-2027,2027-05-09,13:00,Udinese,Juventus,
Serie A,2026-2027,2027-05-09,13:00,Venezia,Como,
Serie A,2026-2027,2027-05-16,13:00,Bologna,Frosinone,
Serie A,2026-2027,2027-05-16,13:00,Cagliari,Torino,
Serie A,2026-2027,2027-05-16,13:00,Como,Atalanta,
Serie A,2026-2027,2027-05-16,13:00,Juventus,Inter,
Serie A,2026-2027,2027-05-16,13:00,Lazio,Udinese,
Serie A,2026-2027,2027-05-16,13:00,Lecce,Fiorentina,
Serie A,2026-2027,2027-05-16,13:00,Milan,Roma,
Serie A,2026-2027,2027-05-16,13:00,Monza,Parma,
Serie A,2026-2027,2027-05-16,13:00,Napoli,Genoa,
Serie A,2026-2027,2027-05-16,13:00,Sassuolo,Venezia,
Serie A,2026-2027,2027-05-23,13:00,Atalanta,Lecce,
Serie A,2026-2027,2027-05-23,13:00,Fiorentina,Monza,
Serie A,2026-2027,2027-05-23,13:00,Frosinone,Cagliari,
Serie A,2026-2027,2027-05-23,13:00,Genoa,Bologna,
Serie A,2026-2027,2027-05-23,13:00,Inter,Lazio,
Serie A,2026-2027,2027-05-23,13:00,Parma,Juventus,
Serie A,2026-2027,2027-05-23,13:00,Roma,Como,
Serie A,2026-2027,2027-05-23,13:00,Torino,Napoli,
Serie A,2026-2027,2027-05-23,13:00,Udinese,Sassuolo,
Serie A,2026-2027,2027-05-23,13:00,Venezia,Milan,
Serie A,2026-2027,2027-05-30,13:00,Bologna,Parma,
Serie A,2026-2027,2027-05-30,13:00,Cagliari,Roma,
Serie A,2026-2027,2027-05-30,13:00,Como,Genoa,
Serie A,2026-2027,2027-05-30,13:00,Juventus,Frosinone,
Serie A,2026-2027,2027-05-30,13:00,Lazio,Fiorentina,
Serie A,2026-2027,2027-05-30,13:00,Lecce,Venezia,
Serie A,2026-2027,2027-05-30,13:00,Milan,Udinese,
Serie A,2026-2027,2027-05-30,13:00,Monza,Torino,
Serie A,2026-2027,2027-05-30,13:00,Napoli,Atalanta,
Serie A,2026-2027,2027-05-30,13:00,Sassuolo,Inter,
