championnat,saison,equipe
Bundesliga,2020-2021,Arminia Bielefeld
Bundesliga,2020-2021,"Arminia Bielefeld,Hertha Berlin"
Bundesliga,2020-2021,Augsburg
Bundesliga,2020-2021,"Augsburg,Borussia M.Gladbach"
Bundesliga,2020-2021,Bayer Leverkusen
Bundesliga,2020-2021,"Bayer Leverkusen,Union Berlin"
Bundesliga,2020-2021,Bayern Munich
Bundesliga,2020-2021,"Bayern Munich,Hoffenheim"
Bundesliga,2020-2021,Borussia Dortmund
Bundesliga,2020-2021,Borussia M.Gladbach
Bundesliga,2020-2021,Eintracht Frankfurt
Bundesliga,2020-2021,"Eintracht Frankfurt,Mainz 05"
Bundesliga,2020-2021,FC Cologne
Bundesliga,2020-2021,Freiburg
Bundesliga,2020-2021,Hertha Berlin
Bundesliga,2020-2021,Hoffenheim
Bundesliga,2020-2021,"Hoffenheim,Schalke 04"
Bundesliga,2020-2021,Mainz 05
Bundesliga,2020-2021,"Mainz 05,Wolfsburg"
Bundesliga,2020-2021,RasenBallsport Leipzig
Bundesliga,2020-2021,Schalke 04
Bundesliga,2020-2021,"Schalke 04,Wolfsburg"
Bundesliga,2020-2021,Union Berlin
Bundesliga,2020-2021,VfB Stuttgart
Bundesliga,2020-2021,Werder Bremen
Bundesliga,2020-2021,Wolfsburg
Bundesliga,2021-2022,Arminia Bielefeld
Bundesliga,2021-2022,Augsburg
Bundesliga,2021-2022,Bayer Leverkusen
Bundesliga,2021-2022,Bayern Munich
Bundesliga,2021-2022,"Bayern Munich,Hoffenheim"
Bundesliga,2021-2022,"Bayern Munich,RasenBallsport Leipzig"
Bundesliga,2021-2022,Bochum
Bundesliga,2021-2022,Borussia Dortmund
Bundesliga,2021-2022,"Borussia Dortmund,Eintracht Frankfurt"
Bundesliga,2021-2022,Borussia M.Gladbach
Bundesliga,2021-2022,"Borussia M.Gladbach,Union Berlin"
Bundesliga,2021-2022,Eintracht Frankfurt
Bundesliga,2021-2022,FC Cologne
Bundesliga,2021-2022,"FC Cologne,Mainz 05"
Bundesliga,2021-2022,Freiburg
Bundesliga,2021-2022,"Freiburg,Union Berlin"
Bundesliga,2021-2022,Greuther Fuerth
Bundesliga,2021-2022,"Greuther Fuerth,Union Berlin"
Bundesliga,2021-2022,Hertha Berlin
Bundesliga,2021-2022,"Hertha Berlin,VfB Stuttgart"
Bundesliga,2021-2022,"Hertha Berlin,Wolfsburg"
Bundesliga,2021-2022,Hoffenheim
Bundesliga,2021-2022,Mainz 05
Bundesliga,2021-2022,"Mainz 05,Union Berlin"
Bundesliga,2021-2022,RasenBallsport Leipzig
Bundesliga,2021-2022,Union Berlin
Bundesliga,2021-2022,"Union Berlin,Wolfsburg"
Bundesliga,2021-2022,VfB Stuttgart
Bundesliga,2021-2022,"VfB Stuttgart,Wolfsburg"
Bundesliga,2021-2022,Wolfsburg
Bundesliga,2022-2023,Augsburg
Bundesliga,2022-2023,"Augsburg,Hertha Berlin"
Bundesliga,2022-2023,Bayer Leverkusen
Bundesliga,2022-2023,Bayern Munich
Bundesliga,2022-2023,"Bayern Munich,Borussia M.Gladbach"
Bundesliga,2022-2023,Bochum
Bundesliga,2022-2023,"Bochum,Freiburg"
Bundesliga,2022-2023,Borussia Dortmund
Bundesliga,2022-2023,"Borussia Dortmund,Union Berlin"
Bundesliga,2022-2023,Borussia M.Gladbach
Bundesliga,2022-2023,Eintracht Frankfurt
Bundesliga,2022-2023,FC Cologne
Bundesliga,2022-2023,"FC Cologne,Hertha Berlin"
Bundesliga,2022-2023,Freiburg
Bundesliga,2022-2023,Hertha Berlin
Bundesliga,2022-2023,Hoffenheim
Bundesliga,2022-2023,Mainz 05
Bundesliga,2022-2023,RasenBallsport Leipzig
Bundesliga,2022-2023,Schalke 04
Bundesliga,2022-2023,"Schalke 04,Union Berlin"
Bundesliga,2022-2023,Union Berlin
Bundesliga,2022-2023,"Union Berlin,VfB Stuttgart"
Bundesliga,2022-2023,"Union Berlin,Wolfsburg"
Bundesliga,2022-2023,VfB Stuttgart
Bundesliga,2022-2023,Werder Bremen
Bundesliga,2022-2023,"Werder Bremen,Wolfsburg"
Bundesliga,2022-2023,Wolfsburg
Bundesliga,2023-2024,Augsburg
Bundesliga,2023-2024,"Augsburg,Eintracht Frankfurt"
Bundesliga,2023-2024,"Augsburg,Hoffenheim"
Bundesliga,2023-2024,Bayer Leverkusen
Bundesliga,2023-2024,"Bayer Leverkusen,Mainz 05"
Bundesliga,2023-2024,Bayern Munich
Bundesliga,2023-2024,Bochum
Bundesliga,2023-2024,Borussia Dortmund
Bundesliga,2023-2024,"Borussia Dortmund,Werder Bremen"
Bundesliga,2023-2024,Borussia M.Gladbach
Bundesliga,2023-2024,"Borussia M.Gladbach,Union Berlin"
Bundesliga,2023-2024,Darmstadt
Bundesliga,2023-2024,"Darmstadt,Hoffenheim"
Bundesliga,2023-2024,Eintracht Frankfurt
Bundesliga,2023-2024,"Eintracht Frankfurt,Mainz 05"
Bundesliga,2023-2024,"Eintracht Frankfurt,RasenBallsport Leipzig"
Bundesliga,2023-2024,FC Cologne
Bundesliga,2023-2024,FC Heidenheim
Bundesliga,2023-2024,Freiburg
Bundesliga,2023-2024,"Freiburg,Hoffenheim"
Bundesliga,2023-2024,Hoffenheim
Bundesliga,2023-2024,"Hoffenheim,Mainz 05"
Bundesliga,2023-2024,"Hoffenheim,Union Berlin"
Bundesliga,2023-2024,"Hoffenheim,VfB Stuttgart"
Bundesliga,2023-2024,Mainz 05
Bundesliga,2023-2024,RasenBallsport Leipzig
Bundesliga,2023-2024,Union Berlin
Bundesliga,2023-2024,"Union Berlin,Wolfsburg"
Bundesliga,2023-2024,VfB Stuttgart
Bundesliga,2023-2024,Werder Bremen
Bundesliga,2023-2024,Wolfsburg
Bundesliga,2024-2025,Augsburg
Bundesliga,2024-2025,"Augsburg,FC Heidenheim"
Bundesliga,2024-2025,"Augsburg,Hoffenheim"
Bundesliga,2024-2025,"Augsburg,Wolfsburg"
Bundesliga,2024-2025,Bayer Leverkusen
Bundesliga,2024-2025,Bayern Munich
Bundesliga,2024-2025,"Bayern Munich,Mainz 05"
Bundesliga,2024-2025,Bochum
Bundesliga,2024-2025,Borussia Dortmund
Bundesliga,2024-2025,"Borussia Dortmund,Wolfsburg"
Bundesliga,2024-2025,Borussia M.Gladbach
Bundesliga,2024-2025,Eintracht Frankfurt
Bundesliga,2024-2025,FC Heidenheim
Bundesliga,2024-2025,"FC Heidenheim,Mainz 05"
Bundesliga,2024-2025,"FC Heidenheim,VfB Stuttgart"
Bundesliga,2024-2025,Freiburg
Bundesliga,2024-2025,"Freiburg,St. Pauli"
Bundesliga,2024-2025,Hoffenheim
Bundesliga,2024-2025,"Hoffenheim,VfB Stuttgart"
Bundesliga,2024-2025,Holstein Kiel
Bundesliga,2024-2025,Mainz 05
Bundesliga,2024-2025,RasenBallsport Leipzig
Bundesliga,2024-2025,"RasenBallsport Leipzig,Werder Bremen"
Bundesliga,2024-2025,"RasenBallsport Leipzig,Wolfsburg"
Bundesliga,2024-2025,St. Pauli
Bundesliga,2024-2025,Union Berlin
Bundesliga,2024-2025,VfB Stuttgart
Bundesliga,2024-2025,Werder Bremen
Bundesliga,2024-2025,Wolfsburg
Bundesliga,2025-2026,Augsburg
Bundesliga,2025-2026,"Augsburg,Hoffenheim"
Bundesliga,2025-2026,"Augsburg,Mainz 05"
Bundesliga,2025-2026,Bayer Leverkusen
Bundesliga,2025-2026,"Bayer Leverkusen,Borussia M.Gladbach"
Bundesliga,2025-2026,"Bayer Leverkusen,Wolfsburg"
Bundesliga,2025-2026,Bayern Munich
Bundesliga,2025-2026,"Bayern Munich,FC Cologne"
Bundesliga,2025-2026,Borussia Dortmund
Bundesliga,2025-2026,"Borussia Dortmund,Hoffenheim"
Bundesliga,2025-2026,Borussia M.Gladbach
Bundesliga,2025-2026,Eintracht Frankfurt
Bundesliga,2025-2026,FC Cologne
Bundesliga,2025-2026,FC Heidenheim
Bundesliga,2025-2026,"FC Heidenheim,Freiburg"
Bundesliga,2025-2026,"FC Heidenheim,VfB Stuttgart"
Bundesliga,2025-2026,Freiburg
Bundesliga,2025-2026,Hamburger SV
Bundesliga,2025-2026,Hoffenheim
Bundesliga,2025-2026,Mainz 05
Bundesliga,2025-2026,RasenBallsport Leipzig
Bundesliga,2025-2026,St. Pauli
Bundesliga,2025-2026,Union Berlin
Bundesliga,2025-2026,VfB Stuttgart
Bundesliga,2025-2026,Werder Bremen
Bundesliga,2025-2026,Wolfsburg
La Liga,2020-2021,Alaves
La Liga,2020-2021,"Alaves,Athletic Club"
La Liga,2020-2021,"Alaves,Granada"
La Liga,2020-2021,Athletic Club
La Liga,2020-2021,"Athletic Club,Real Valladolid"
La Liga,2020-2021,Atletico Madrid
La Liga,2020-2021,"Atletico Madrid,Osasuna"
La Liga,2020-2021,"Atletico Madrid,Valencia"
La Liga,2020-2021,Barcelona
La Liga,2020-2021,"Barcelona,Getafe"
La Liga,2020-2021,Cadiz
La Liga,2020-2021,"Cadiz,Valencia"
La Liga,2020-2021,Celta Vigo
La Liga,2020-2021,"Celta Vigo,Real Valladolid"
La Liga,2020-2021,Eibar
La Liga,2020-2021,"Eibar,Sevilla"
La Liga,2020-2021,Elche
La Liga,2020-2021,Getafe
La Liga,2020-2021,"Getafe,Villarreal"
La Liga,2020-2021,Granada
La Liga,2020-2021,Levante
La Liga,2020-2021,Osasuna
La Liga,2020-2021,Real Betis
La Liga,2020-2021,Real Madrid
La Liga,2020-2021,Real Sociedad
La Liga,2020-2021,"Real Sociedad,Sevilla"
La Liga,2020-2021,Real Valladolid
La Liga,2020-2021,SD Huesca
La Liga,2020-2021,Sevilla
La Liga,2020-2021,Valencia
La Liga,2020-2021,Villarreal
La Liga,2021-2022,Alaves
La Liga,2021-2022,"Alaves,Rayo Vallecano"
La Liga,2021-2022,"Alaves,Valencia"
La Liga,2021-2022,Athletic Club
La Liga,2021-2022,Atletico Madrid
La Liga,2021-2022,"Atletico Madrid,Barcelona"
La Liga,2021-2022,"Atletico Madrid,Valencia"
La Liga,2021-2022,Barcelona
La Liga,2021-2022,Cadiz
La Liga,2021-2022,"Cadiz,Elche"
La Liga,2021-2022,"Cadiz,Sevilla"
La Liga,2021-2022,"Cadiz,Valencia"
La Liga,2021-2022,Celta Vigo
La Liga,2021-2022,"Celta Vigo,Getafe"
La Liga,2021-2022,Elche
La Liga,2021-2022,Espanyol
La Liga,2021-2022,"Espanyol,Real Betis"
La Liga,2021-2022,Getafe
La Liga,2021-2022,"Getafe,Sevilla"
La Liga,2021-2022,"Getafe,Valencia"
La Liga,2021-2022,Granada
La Liga,2021-2022,"Granada,Valencia"
La Liga,2021-2022,"Granada,Villarreal"
La Liga,2021-2022,Levante
La Liga,2021-2022,Mallorca
La Liga,2021-2022,Osasuna
La Liga,2021-2022,Rayo Vallecano
La Liga,2021-2022,Real Betis
La Liga,2021-2022,Real Madrid
La Liga,2021-2022,Real Sociedad
La Liga,2021-2022,Sevilla
La Liga,2021-2022,Valencia
La Liga,2021-2022,Villarreal
La Liga,2022-2023,Almeria
La Liga,2022-2023,"Almeria,Espanyol"
La Liga,2022-2023,"Almeria,Real Sociedad"
La Liga,2022-2023,Athletic Club
La Liga,2022-2023,Atletico Madrid
La Liga,2022-2023,"Atletico Madrid,Barcelona"
La Liga,2022-2023,Barcelona
La Liga,2022-2023,Cadiz
La Liga,2022-2023,"Cadiz,Elche"
La Liga,2022-2023,"Cadiz,Real Valladolid"
La Liga,2022-2023,Celta Vigo
La Liga,2022-2023,Elche
La Liga,2022-2023,"Elche,Rayo Vallecano"
La Liga,2022-2023,"Elche,Sevilla"
La Liga,2022-2023,"Elche,Villarreal"
La Liga,2022-2023,Espanyol
La Liga,2022-2023,Getafe
La Liga,2022-2023,Girona
La Liga,2022-2023,"Girona,Real Valladolid"
La Liga,2022-2023,"Girona,Villarreal"
La Liga,2022-2023,Mallorca
La Liga,2022-2023,"Mallorca,Villarreal"
La Liga,2022-2023,Osasuna
La Liga,2022-2023,Rayo Vallecano
La Liga,2022-2023,Real Betis
La Liga,2022-2023,Real Madrid
La Liga,2022-2023,Real Sociedad
La Liga,2022-2023,Real Valladolid
La Liga,2022-2023,Sevilla
La Liga,2022-2023,Valencia
La Liga,2022-2023,Villarreal
La Liga,2023-2024,Alaves
La Liga,2023-2024,"Alaves,Granada"
La Liga,2023-2024,"Alaves,Real Sociedad"
La Liga,2023-2024,Almeria
La Liga,2023-2024,"Almeria,Getafe"
La Liga,2023-2024,"Almeria,Las Palmas"
La Liga,2023-2024,Athletic Club
La Liga,2023-2024,Atletico Madrid
La Liga,2023-2024,"Atletico Madrid,Real Sociedad"
La Liga,2023-2024,"Atletico Madrid,Valencia"
La Liga,2023-2024,Barcelona
La Liga,2023-2024,"Barcelona,Girona"
La Liga,2023-2024,"Barcelona,Real Betis"
La Liga,2023-2024,Cadiz
La Liga,2023-2024,Celta Vigo
La Liga,2023-2024,Getafe
La Liga,2023-2024,"Getafe,Girona"
La Liga,2023-2024,Girona
La Liga,2023-2024,Granada
La Liga,2023-2024,Las Palmas
La Liga,2023-2024,Mallorca
La Liga,2023-2024,"Mallorca,Osasuna"
La Liga,2023-2024,Osasuna
La Liga,2023-2024,"Osasuna,Real Betis"
La Liga,2023-2024,Rayo Vallecano
La Liga,2023-2024,Real Betis
La Liga,2023-2024,Real Madrid
La Liga,2023-2024,Real Sociedad
La Liga,2023-2024,Sevilla
La Liga,2023-2024,Valencia
La Liga,2023-2024,Villarreal
La Liga,2024-2025,Alaves
La Liga,2024-2025,"Alaves,Getafe"
La Liga,2024-2025,"Alaves,Valencia"
La Liga,2024-2025,"Alaves,Villarreal"
La Liga,2024-2025,Athletic Club
La Liga,2024-2025,Atletico Madrid
La Liga,2024-2025,Barcelona
La Liga,2024-2025,Celta Vigo
La Liga,2024-2025,"Celta Vigo,Real Betis"
La Liga,2024-2025,"Celta Vigo,Real Valladolid"
La Liga,2024-2025,Espanyol
La Liga,2024-2025,"Espanyol,Real Sociedad"
La Liga,2024-2025,Getafe
La Liga,2024-2025,"Getafe,Real Betis"
La Liga,2024-2025,"Getafe,Villarreal"
La Liga,2024-2025,Girona
La Liga,2024-2025,"Girona,Villarreal"
La Liga,2024-2025,Las Palmas
La Liga,2024-2025,Leganes
La Liga,2024-2025,Mallorca
La Liga,2024-2025,Osasuna
La Liga,2024-2025,"Osasuna,Real Valladolid"
La Liga,2024-2025,Rayo Vallecano
La Liga,2024-2025,Real Betis
La Liga,2024-2025,Real Madrid
La Liga,2024-2025,Real Sociedad
La Liga,2024-2025,"Real Sociedad,Valencia"
La Liga,2024-2025,Real Valladolid
La Liga,2024-2025,Sevilla
La Liga,2024-2025,Valencia
La Liga,2024-2025,Villarreal
La Liga,2025-2026,Alaves
La Liga,2025-2026,Athletic Club
La Liga,2025-2026,Atletico Madrid
La Liga,2025-2026,"Atletico Madrid,Elche"
La Liga,2025-2026,"Atletico Madrid,Osasuna"
La Liga,2025-2026,Barcelona
La Liga,2025-2026,Celta Vigo
La Liga,2025-2026,"Celta Vigo,Elche"
La Liga,2025-2026,"Celta Vigo,Girona"
La Liga,2025-2026,Elche
La Liga,2025-2026,"Elche,Sevilla"
La Liga,2025-2026,Espanyol
La Liga,2025-2026,"Espanyol,Real Sociedad"
La Liga,2025-2026,Getafe
La Liga,2025-2026,Girona
La Liga,2025-2026,"Girona,Real Sociedad"
La Liga,2025-2026,Levante
La Liga,2025-2026,"Levante,Villarreal"
La Liga,2025-2026,Mallorca
La Liga,2025-2026,Osasuna
La Liga,2025-2026,Rayo Vallecano
La Liga,2025-2026,"Rayo Vallecano,Villarreal"
La Liga,2025-2026,Real Betis
La Liga,2025-2026,Real Madrid
La Liga,2025-2026,Real Oviedo
La Liga,2025-2026,Real Sociedad
La Liga,2025-2026,"Real Sociedad,Valencia"
La Liga,2025-2026,Sevilla
La Liga,2025-2026,"Sevilla,Villarreal"
La Liga,2025-2026,Valencia
La Liga,2025-2026,Villarreal
La Liga,2026-2027,Alaves
La Liga,2026-2027,Atletico Madrid
La Liga,2026-2027,Deportivo La Coruna
La Liga,2026-2027,Elche
La Liga,2026-2027,Espanyol
La Liga,2026-2027,Getafe
La Liga,2026-2027,Levante
La Liga,2026-2027,Malaga
La Liga,2026-2027,Racing Santander
La Liga,2026-2027,Rayo Vallecano
La Liga,2026-2027,Sevilla
La Liga,2026-2027,Villarreal
Ligue 1,2020-2021,Angers
Ligue 1,2020-2021,Bordeaux
Ligue 1,2020-2021,Brest
Ligue 1,2020-2021,"Brest,Lyon"
Ligue 1,2020-2021,"Brest,Nimes"
Ligue 1,2020-2021,"Brest,Paris Saint Germain"
Ligue 1,2020-2021,Dijon
Ligue 1,2020-2021,"Dijon,Rennes"
Ligue 1,2020-2021,Lens
Ligue 1,2020-2021,"Lens,Paris Saint Germain"
Ligue 1,2020-2021,Lille
Ligue 1,2020-2021,Lorient
Ligue 1,2020-2021,Lyon
Ligue 1,2020-2021,"Lyon,Nice"
Ligue 1,2020-2021,Marseille
Ligue 1,2020-2021,Metz
Ligue 1,2020-2021,"Metz,Strasbourg"
Ligue 1,2020-2021,Monaco
Ligue 1,2020-2021,"Monaco,Strasbourg"
Ligue 1,2020-2021,Montpellier
Ligue 1,2020-2021,Nantes
Ligue 1,2020-2021,Nice
Ligue 1,2020-2021,"Nice,Nimes"
Ligue 1,2020-2021,Nimes
Ligue 1,2020-2021,Paris Saint Germain
Ligue 1,2020-2021,Reims
Ligue 1,2020-2021,Rennes
Ligue 1,2020-2021,Saint-Etienne
Ligue 1,2020-2021,Strasbourg
Ligue 1,2021-2022,Angers
Ligue 1,2021-2022,"Angers,Nice"
Ligue 1,2021-2022,"Angers,Saint-Etienne"
Ligue 1,2021-2022,Bordeaux
Ligue 1,2021-2022,"Bordeaux,Lyon"
Ligue 1,2021-2022,Brest
Ligue 1,2021-2022,"Brest,Lyon"
Ligue 1,2021-2022,"Brest,Rennes"
Ligue 1,2021-2022,Clermont Foot
Ligue 1,2021-2022,"Clermont Foot,Lorient"
Ligue 1,2021-2022,"Clermont Foot,Nice"
Ligue 1,2021-2022,Lens
Ligue 1,2021-2022,"Lens,Paris Saint Germain"
Ligue 1,2021-2022,Lille
Ligue 1,2021-2022,Lorient
Ligue 1,2021-2022,Lyon
Ligue 1,2021-2022,Marseille
Ligue 1,2021-2022,"Marseille,Nice"
Ligue 1,2021-2022,Metz
Ligue 1,2021-2022,Monaco
Ligue 1,2021-2022,Montpellier
Ligue 1,2021-2022,"Montpellier,Nice"
Ligue 1,2021-2022,"Montpellier,Rennes"
Ligue 1,2021-2022,Nantes
Ligue 1,2021-2022,Nice
Ligue 1,2021-2022,Paris Saint Germain
Ligue 1,2021-2022,Reims
Ligue 1,2021-2022,"Reims,Troyes"
Ligue 1,2021-2022,Rennes
Ligue 1,2021-2022,Saint-Etienne
Ligue 1,2021-2022,Strasbourg
Ligue 1,2021-2022,"Strasbourg,Troyes"
Ligue 1,2021-2022,Troyes
Ligue 1,2022-2023,Ajaccio
Ligue 1,2022-2023,"Ajaccio,Brest"
Ligue 1,2022-2023,Angers
Ligue 1,2022-2023,"Angers,Marseille"
Ligue 1,2022-2023,Auxerre
Ligue 1,2022-2023,"Auxerre,Lille"
Ligue 1,2022-2023,"Auxerre,Marseille"
Ligue 1,2022-2023,"Auxerre,Rennes"
Ligue 1,2022-2023,Brest
Ligue 1,2022-2023,"Brest,Reims"
Ligue 1,2022-2023,Clermont Foot
Ligue 1,2022-2023,Lens
Ligue 1,2022-2023,"Lens,Nantes"
Ligue 1,2022-2023,"Lens,Nice"
Ligue 1,2022-2023,"Lens,Rennes"
Ligue 1,2022-2023,"Lens,Strasbourg"
Ligue 1,2022-2023,Lille
Ligue 1,2022-2023,Lorient
Ligue 1,2022-2023,"Lorient,Lyon"
Ligue 1,2022-2023,"Lorient,Marseille"
Ligue 1,2022-2023,"Lorient,Monaco"
Ligue 1,2022-2023,"Lorient,Nice"
Ligue 1,2022-2023,Lyon
Ligue 1,2022-2023,"Lyon,Rennes"
Ligue 1,2022-2023,"Lyon,Troyes"
Ligue 1,2022-2023,Marseille
Ligue 1,2022-2023,Monaco
Ligue 1,2022-2023,"Monaco,Nice"
Ligue 1,2022-2023,Montpellier
Ligue 1,2022-2023,"Montpellier,Toulouse"
Ligue 1,2022-2023,Nantes
Ligue 1,2022-2023,"Nantes,Nice"
Ligue 1,2022-2023,Nice
Ligue 1,2022-2023,"Nice,Rennes"
Ligue 1,2022-2023,Paris Saint Germain
Ligue 1,2022-2023,Reims
Ligue 1,2022-2023,Rennes
Ligue 1,2022-2023,Strasbourg
Ligue 1,2022-2023,Toulouse
Ligue 1,2022-2023,Troyes
Ligue 1,2023-2024,Brest
Ligue 1,2023-2024,"Brest,Lens"
Ligue 1,2023-2024,"Brest,Nice"
Ligue 1,2023-2024,Clermont Foot
Ligue 1,2023-2024,"Clermont Foot,Lille"
Ligue 1,2023-2024,"Clermont Foot,Monaco"
Ligue 1,2023-2024,"Clermont Foot,Rennes"
Ligue 1,2023-2024,Le Havre
Ligue 1,2023-2024,Lens
Ligue 1,2023-2024,"Lens,Montpellier"
Ligue 1,2023-2024,"Lens,Toulouse"
Ligue 1,2023-2024,Lille
Ligue 1,2023-2024,Lorient
Ligue 1,2023-2024,"Lorient,Marseille"
Ligue 1,2023-2024,"Lorient,Nice"
Ligue 1,2023-2024,Lyon
Ligue 1,2023-2024,"Lyon,Nantes"
Ligue 1,2023-2024,"Lyon,Paris Saint Germain"
Ligue 1,2023-2024,"Lyon,Rennes"
Ligue 1,2023-2024,Marseille
Ligue 1,2023-2024,"Marseille,Nantes"
Ligue 1,2023-2024,Metz
Ligue 1,2023-2024,Monaco
Ligue 1,2023-2024,Montpellier
Ligue 1,2023-2024,Nantes
Ligue 1,2023-2024,Nice
Ligue 1,2023-2024,Paris Saint Germain
Ligue 1,2023-2024,Reims
Ligue 1,2023-2024,"Reims,Rennes"
Ligue 1,2023-2024,Rennes
Ligue 1,2023-2024,Strasbourg
Ligue 1,2023-2024,Toulouse
Ligue 1,2024-2025,Angers
Ligue 1,2024-2025,Auxerre
Ligue 1,2024-2025,Brest
Ligue 1,2024-2025,"Brest,Lyon"
Ligue 1,2024-2025,Le Havre
Ligue 1,2024-2025,"Le Havre,Lyon"
Ligue 1,2024-2025,"Le Havre,Strasbourg"
Ligue 1,2024-2025,Lens
Ligue 1,2024-2025,"Lens,Rennes"
Ligue 1,2024-2025,Lille
Ligue 1,2024-2025,Lyon
Ligue 1,2024-2025,Marseille
Ligue 1,2024-2025,"Marseille,Montpellier"
Ligue 1,2024-2025,"Marseille,Rennes"
Ligue 1,2024-2025,Monaco
Ligue 1,2024-2025,Montpellier
Ligue 1,2024-2025,"Montpellier,Rennes"
Ligue 1,2024-2025,Nantes
Ligue 1,2024-2025,"Nantes,Strasbourg"
Ligue 1,2024-2025,Nice
Ligue 1,2024-2025,"Nice,Rennes"
Ligue 1,2024-2025,Paris Saint Germain
Ligue 1,2024-2025,Reims
Ligue 1,2024-2025,Rennes
Ligue 1,2024-2025,Saint-Etienne
Ligue 1,2024-2025,Strasbourg
Ligue 1,2024-2025,Toulouse
Ligue 1,2025-2026,Angers
Ligue 1,2025-2026,"Angers,Marseille"
Ligue 1,2025-2026,"Angers,Rennes"
Ligue 1,2025-2026,Auxerre
Ligue 1,2025-2026,"Auxerre,Paris FC"
Ligue 1,2025-2026,Brest
Ligue 1,2025-2026,"Brest,Paris FC"
Ligue 1,2025-2026,Le Havre
Ligue 1,2025-2026,Lens
Ligue 1,2025-2026,"Lens,Nantes"
Ligue 1,2025-2026,Lille
Ligue 1,2025-2026,"Lille,Toulouse"
Ligue 1,2025-2026,Lorient
Ligue 1,2025-2026,Lyon
Ligue 1,2025-2026,"Lyon,Rennes"
Ligue 1,2025-2026,Marseille
Ligue 1,2025-2026,Metz
Ligue 1,2025-2026,"Metz,Monaco"
Ligue 1,2025-2026,Monaco
Ligue 1,2025-2026,Nantes
Ligue 1,2025-2026,"Nantes,Strasbourg"
Ligue 1,2025-2026,Nice
Ligue 1,2025-2026,Paris FC
Ligue 1,2025-2026,Paris Saint Germain
Ligue 1,2025-2026,Rennes
Ligue 1,2025-2026,Strasbourg
Ligue 1,2025-2026,Toulouse
Premier League,2020-2021,Arsenal
Premier League,2020-2021,"Arsenal,Brighton"
Premier League,2020-2021,"Arsenal,Newcastle United"
Premier League,2020-2021,"Arsenal,West Bromwich Albion"
Premier League,2020-2021,Aston Villa
Premier League,2020-2021,"Aston Villa,Chelsea"
Premier League,2020-2021,Brighton
Premier League,2020-2021,Burnley
Premier League,2020-2021,Chelsea
Premier League,2020-2021,"Chelsea,Fulham"
Premier League,2020-2021,Crystal Palace
Premier League,2020-2021,Everton
Premier League,2020-2021,"Everton,Southampton"
Premier League,2020-2021,Fulham
Premier League,2020-2021,Leeds
Premier League,2020-2021,Leicester
Premier League,2020-2021,Liverpool
Premier League,2020-2021,"Liverpool,Southampton"
Premier League,2020-2021,Manchester City
Premier League,2020-2021,Manchester United
Premier League,2020-2021,Newcastle United
Premier League,2020-2021,Sheffield United
Premier League,2020-2021,Southampton
Premier League,2020-2021,Tottenham
Premier League,2020-2021,West Bromwich Albion
Premier League,2020-2021,"West Bromwich Albion,West Ham"
Premier League,2020-2021,West Ham
Premier League,2020-2021,Wolverhampton Wanderers
Premier League,2021-2022,Arsenal
Premier League,2021-2022,"Arsenal,Aston Villa"
Premier League,2021-2022,Aston Villa
Premier League,2021-2022,"Aston Villa,Everton"
Premier League,2021-2022,"Aston Villa,Newcastle United"
Premier League,2021-2022,Brentford
Premier League,2021-2022,Brighton
Premier League,2021-2022,"Brighton,Newcastle United"
Premier League,2021-2022,Burnley
Premier League,2021-2022,"Burnley,Newcastle United"
Premier League,2021-2022,Chelsea
Premier League,2021-2022,Crystal Palace
Premier League,2021-2022,Everton
Premier League,2021-2022,"Everton,Manchester United"
Premier League,2021-2022,"Everton,Tottenham"
Premier League,2021-2022,Leeds
Premier League,2021-2022,"Leeds,Manchester United"
Premier League,2021-2022,Leicester
Premier League,2021-2022,Liverpool
Premier League,2021-2022,Manchester City
Premier League,2021-2022,Manchester United
Premier League,2021-2022,Newcastle United
Premier League,2021-2022,Norwich
Premier League,2021-2022,Southampton
Premier League,2021-2022,Tottenham
Premier League,2021-2022,Watford
Premier League,2021-2022,West Ham
Premier League,2021-2022,Wolverhampton Wanderers
Premier League,2022-2023,Arsenal
Premier League,2022-2023,"Arsenal,Brighton"
Premier League,2022-2023,"Arsenal,Chelsea"
Premier League,2022-2023,"Arsenal,Crystal Palace"
Premier League,2022-2023,"Arsenal,Fulham"
Premier League,2022-2023,Aston Villa
Premier League,2022-2023,"Aston Villa,Southampton"
Premier League,2022-2023,"Aston Villa,West Ham"
Premier League,2022-2023,"Aston Villa,Wolverhampton Wanderers"
Premier League,2022-2023,Bournemouth
Premier League,2022-2023,"Bournemouth,Southampton"
Premier League,2022-2023,Brentford
Premier League,2022-2023,Brighton
Premier League,2022-2023,Chelsea
Premier League,2022-2023,"Chelsea,Leicester"
Premier League,2022-2023,Crystal Palace
Premier League,2022-2023,Everton
Premier League,2022-2023,"Everton,Newcastle United"
Premier League,2022-2023,Fulham
Premier League,2022-2023,"Fulham,Leeds"
Premier League,2022-2023,Leeds
Premier League,2022-2023,Leicester
Premier League,2022-2023,Liverpool
Premier League,2022-2023,Manchester City
Premier League,2022-2023,Manchester United
Premier League,2022-2023,Newcastle United
Premier League,2022-2023,"Newcastle United,Nottingham Forest"
Premier League,2022-2023,Nottingham Forest
Premier League,2022-2023,"Nottingham Forest,Wolverhampton Wanderers"
Premier League,2022-2023,Southampton
Premier League,2022-2023,Tottenham
Premier League,2022-2023,West Ham
Premier League,2022-2023,"West Ham,Wolverhampton Wanderers"
Premier League,2022-2023,Wolverhampton Wanderers
Premier League,2023-2024,Arsenal
Premier League,2023-2024,Aston Villa
Premier League,2023-2024,"Aston Villa,Sheffield United"
Premier League,2023-2024,Bournemouth
Premier League,2023-2024,Brentford
Premier League,2023-2024,"Brentford,Everton"
Premier League,2023-2024,"Brentford,Manchester United"
Premier League,2023-2024,Brighton
Premier League,2023-2024,Burnley
Premier League,2023-2024,Chelsea
Premier League,2023-2024,"Chelsea,Fulham"
Premier League,2023-2024,"Chelsea,Manchester City"
Premier League,2023-2024,Crystal Palace
Premier League,2023-2024,Everton
Premier League,2023-2024,"Everton,Fulham"
Premier League,2023-2024,Fulham
Premier League,2023-2024,Liverpool
Premier League,2023-2024,Luton
Premier League,2023-2024,Manchester City
Premier League,2023-2024,"Manchester City,Sheffield United"
Premier League,2023-2024,"Manchester City,West Ham"
Premier League,2023-2024,"Manchester City,Wolverhampton Wanderers"
Premier League,2023-2024,Manchester United
Premier League,2023-2024,Newcastle United
Premier League,2023-2024,Nottingham Forest
Premier League,2023-2024,"Nottingham Forest,Tottenham"
Premier League,2023-2024,Sheffield United
Premier League,2023-2024,Tottenham
Premier League,2023-2024,West Ham
Premier League,2023-2024,Wolverhampton Wanderers
Premier League,2024-2025,Arsenal
Premier League,2024-2025,"Arsenal,Fulham"
Premier League,2024-2025,Aston Villa
Premier League,2024-2025,"Aston Villa,Chelsea"
Premier League,2024-2025,"Aston Villa,Ipswich"
Premier League,2024-2025,"Aston Villa,Manchester United"
Premier League,2024-2025,Bournemouth
Premier League,2024-2025,Brentford
Premier League,2024-2025,Brighton
Premier League,2024-2025,"Brighton,Ipswich"
Premier League,2024-2025,"Brighton,West Ham"
Premier League,2024-2025,Chelsea
Premier League,2024-2025,"Chelsea,Crystal Palace"
Premier League,2024-2025,Crystal Palace
Premier League,2024-2025,"Crystal Palace,Fulham"
Premier League,2024-2025,"Crystal Palace,Leicester"
Premier League,2024-2025,Everton
Premier League,2024-2025,"Everton,Southampton"
Premier League,2024-2025,Fulham
Premier League,2024-2025,Ipswich
Premier League,2024-2025,Leicester
Premier League,2024-2025,Liverpool
Premier League,2024-2025,Manchester City
Premier League,2024-2025,Manchester United
Premier League,2024-2025,Newcastle United
Premier League,2024-2025,Nottingham Forest
Premier League,2024-2025,"Nottingham Forest,West Ham"
Premier League,2024-2025,Southampton
Premier League,2024-2025,Tottenham
Premier League,2024-2025,West Ham
Premier League,2024-2025,Wolverhampton Wanderers
Premier League,2025-2026,Arsenal
Premier League,2025-2026,"Arsenal,Crystal Palace"
Premier League,2025-2026,Aston Villa
Premier League,2025-2026,"Aston Villa,Crystal Palace"
Premier League,2025-2026,"Aston Villa,Liverpool"
Premier League,2025-2026,"Aston Villa,Nottingham Forest"
Premier League,2025-2026,Bournemouth
Premier League,2025-2026,"Bournemouth,Manchester City"
Premier League,2025-2026,Brentford
Premier League,2025-2026,Brighton
Premier League,2025-2026,Burnley
Premier League,2025-2026,"Burnley,West Ham"
Premier League,2025-2026,Chelsea
Premier League,2025-2026,"Chelsea,Everton"
Premier League,2025-2026,"Chelsea,Leeds"
Premier League,2025-2026,"Chelsea,Sunderland"
Premier League,2025-2026,Crystal Palace
Premier League,2025-2026,"Crystal Palace,Manchester City"
Premier League,2025-2026,"Crystal Palace,Tottenham"
Premier League,2025-2026,"Crystal Palace,Wolverhampton Wanderers"
Premier League,2025-2026,Everton
Premier League,2025-2026,Fulham
Premier League,2025-2026,"Fulham,Manchester City"
Premier League,2025-2026,"Fulham,West Ham"
Premier League,2025-2026,Leeds
Premier League,2025-2026,Liverpool
Premier League,2025-2026,Manchester City
Premier League,2025-2026,Manchester United
Premier League,2025-2026,Newcastle United
Premier League,2025-2026,Nottingham Forest
Premier League,2025-2026,Sunderland
Premier League,2025-2026,Tottenham
Premier League,2025-2026,West Ham
Premier League,2025-2026,Wolverhampton Wanderers
Serie A,2020-2021,AC Milan
Serie A,2020-2021,"AC Milan,Lazio"
Serie A,2020-2021,"AC Milan,Parma Calcio 1913"
Serie A,2020-2021,"AC Milan,Torino"
Serie A,2020-2021,Atalanta
Serie A,2020-2021,"Atalanta,Benevento,Sampdoria"
Serie A,2020-2021,Benevento
Serie A,2020-2021,Bologna
Serie A,2020-2021,"Bologna,Cagliari"
Serie A,2020-2021,Cagliari
Serie A,2020-2021,"Cagliari,Crotone"
Serie A,2020-2021,"Cagliari,Fiorentina"
Serie A,2020-2021,"Cagliari,Inter"
Serie A,2020-2021,"Cagliari,Spezia"
Serie A,2020-2021,Crotone
Serie A,2020-2021,"Crotone,Parma Calcio 1913"
Serie A,2020-2021,"Crotone,Verona"
Serie A,2020-2021,Fiorentina
Serie A,2020-2021,"Fiorentina,Juventus"
Serie A,2020-2021,"Fiorentina,Napoli"
Serie A,2020-2021,"Fiorentina,Spezia"
Serie A,2020-2021,"Fiorentina,Verona"
Serie A,2020-2021,Genoa
Serie A,2020-2021,"Genoa,Juventus"
Serie A,2020-2021,"Genoa,Parma Calcio 1913"
Serie A,2020-2021,"Genoa,Verona"
Serie A,2020-2021,Inter
Serie A,2020-2021,"Inter,Parma Calcio 1913"
Serie A,2020-2021,Juventus
Serie A,2020-2021,Lazio
Serie A,2020-2021,Napoli
Serie A,2020-2021,"Napoli,Udinese"
Serie A,2020-2021,Parma Calcio 1913
Serie A,2020-2021,Roma
Serie A,2020-2021,Sampdoria
Serie A,2020-2021,"Sampdoria,Torino"
Serie A,2020-2021,Sassuolo
Serie A,2020-2021,Spezia
Serie A,2020-2021,Torino
Serie A,2020-2021,"Torino,Udinese"
Serie A,2020-2021,Udinese
Serie A,2020-2021,"Udinese,Verona"
Serie A,2020-2021,Verona
Serie A,2021-2022,AC Milan
Serie A,2021-2022,"AC Milan,Sampdoria"
Serie A,2021-2022,"AC Milan,Torino"
Serie A,2021-2022,Atalanta
Serie A,2021-2022,"Atalanta,Cagliari"
Serie A,2021-2022,"Atalanta,Genoa"
Serie A,2021-2022,"Atalanta,Inter"
Serie A,2021-2022,"Atalanta,Sassuolo"
Serie A,2021-2022,Bologna
Serie A,2021-2022,Cagliari
Serie A,2021-2022,"Cagliari,Sassuolo"
Serie A,2021-2022,"Cagliari,Torino"
Serie A,2021-2022,"Cagliari,Verona"
Serie A,2021-2022,Empoli
Serie A,2021-2022,"Empoli,Fiorentina"
Serie A,2021-2022,"Empoli,Sampdoria"
Serie A,2021-2022,"Empoli,Torino"
Serie A,2021-2022,Fiorentina
Serie A,2021-2022,"Fiorentina,Juventus"
Serie A,2021-2022,Genoa
Serie A,2021-2022,"Genoa,Inter"
Serie A,2021-2022,"Genoa,Roma"
Serie A,2021-2022,Inter
Serie A,2021-2022,"Inter,Sampdoria"
Serie A,2021-2022,Juventus
Serie A,2021-2022,Lazio
Serie A,2021-2022,"Lazio,Verona"
Serie A,2021-2022,Napoli
Serie A,2021-2022,Roma
Serie A,2021-2022,Salernitana
Serie A,2021-2022,"Salernitana,Sampdoria"
Serie A,2021-2022,"Salernitana,Torino"
Serie A,2021-2022,"Salernitana,Venezia"
Serie A,2021-2022,Sampdoria
Serie A,2021-2022,"Sampdoria,Sassuolo"
Serie A,2021-2022,"Sampdoria,Torino"
Serie A,2021-2022,"Sampdoria,Verona"
Serie A,2021-2022,Sassuolo
Serie A,2021-2022,Spezia
Serie A,2021-2022,Torino
Serie A,2021-2022,Udinese
Serie A,2021-2022,Venezia
Serie A,2021-2022,Verona
Serie A,2022-2023,AC Milan
Serie A,2022-2023,Atalanta
Serie A,2022-2023,"Atalanta,Sassuolo"
Serie A,2022-2023,"Atalanta,Udinese"
Serie A,2022-2023,Bologna
Serie A,2022-2023,"Bologna,Empoli"
Serie A,2022-2023,"Bologna,Sassuolo"
Serie A,2022-2023,Cremonese
Serie A,2022-2023,"Cremonese,Fiorentina"
Serie A,2022-2023,"Cremonese,Sampdoria"
Serie A,2022-2023,Empoli
Serie A,2022-2023,"Empoli,Sampdoria"
Serie A,2022-2023,"Empoli,Sassuolo"
Serie A,2022-2023,"Empoli,Verona"
Serie A,2022-2023,Fiorentina
Serie A,2022-2023,"Fiorentina,Lecce"
Serie A,2022-2023,"Fiorentina,Napoli"
Serie A,2022-2023,"Fiorentina,Spezia"
Serie A,2022-2023,"Fiorentina,Verona"
Serie A,2022-2023,Inter
Serie A,2022-2023,Juventus
Serie A,2022-2023,"Juventus,Monza"
Serie A,2022-2023,Lazio
Serie A,2022-2023,Lecce
Serie A,2022-2023,Monza
Serie A,2022-2023,Napoli
Serie A,2022-2023,"Napoli,Sampdoria"
Serie A,2022-2023,"Napoli,Sassuolo"
Serie A,2022-2023,Roma
Serie A,2022-2023,"Roma,Spezia"
Serie A,2022-2023,Salernitana
Serie A,2022-2023,Sampdoria
Serie A,2022-2023,"Sampdoria,Torino"
Serie A,2022-2023,"Sampdoria,Udinese"
Serie A,2022-2023,"Sampdoria,Verona"
Serie A,2022-2023,Sassuolo
Serie A,2022-2023,Spezia
Serie A,2022-2023,Torino
Serie A,2022-2023,"Torino,Verona"
Serie A,2022-2023,Udinese
Serie A,2022-2023,Verona
Serie A,2023-2024,AC Milan
Serie A,2023-2024,"AC Milan,Salernitana"
Serie A,2023-2024,"AC Milan,Verona"
Serie A,2023-2024,Atalanta
Serie A,2023-2024,"Atalanta,Frosinone"
Serie A,2023-2024,"Atalanta,Torino"
Serie A,2023-2024,"Atalanta,Verona"
Serie A,2023-2024,Bologna
Serie A,2023-2024,"Bologna,Frosinone"
Serie A,2023-2024,Cagliari
Serie A,2023-2024,"Cagliari,Fiorentina"
Serie A,2023-2024,"Cagliari,Napoli"
Serie A,2023-2024,Empoli
Serie A,2023-2024,"Empoli,Lecce"
Serie A,2023-2024,"Empoli,Monza"
Serie A,2023-2024,"Empoli,Roma"
Serie A,2023-2024,Fiorentina
Serie A,2023-2024,"Fiorentina,Roma"
Serie A,2023-2024,"Fiorentina,Sassuolo"
Serie A,2023-2024,"Fiorentina,Verona"
Serie A,2023-2024,Frosinone
Serie A,2023-2024,"Frosinone,Torino"
Serie A,2023-2024,Genoa
Serie A,2023-2024,"Genoa,Monza"
Serie A,2023-2024,"Genoa,Salernitana"
Serie A,2023-2024,Inter
Serie A,2023-2024,Juventus
Serie A,2023-2024,"Juventus,Roma"
Serie A,2023-2024,Lazio
Serie A,2023-2024,Lecce
Serie A,2023-2024,Monza
Serie A,2023-2024,"Monza,Napoli"
Serie A,2023-2024,"Monza,Verona"
Serie A,2023-2024,Napoli
Serie A,2023-2024,"Napoli,Salernitana"
Serie A,2023-2024,"Napoli,Verona"
Serie A,2023-2024,Roma
Serie A,2023-2024,Salernitana
Serie A,2023-2024,"Salernitana,Torino"
Serie A,2023-2024,Sassuolo
Serie A,2023-2024,"Sassuolo,Verona"
Serie A,2023-2024,Torino
Serie A,2023-2024,"Torino,Udinese"
Serie A,2023-2024,Udinese
Serie A,2023-2024,Verona
Serie A,2024-2025,AC Milan
Serie A,2024-2025,"AC Milan,Bologna"
Serie A,2024-2025,"AC Milan,Fiorentina"
Serie A,2024-2025,"AC Milan,Monza"
Serie A,2024-2025,"AC Milan,Napoli"
Serie A,2024-2025,"AC Milan,Roma"
Serie A,2024-2025,Atalanta
Serie A,2024-2025,"Atalanta,Bologna"
Serie A,2024-2025,"Atalanta,Fiorentina"
Serie A,2024-2025,"Atalanta,Monza"
Serie A,2024-2025,"Atalanta,Torino"
Serie A,2024-2025,Bologna
Serie A,2024-2025,"Bologna,Lazio"
Serie A,2024-2025,"Bologna,Lecce"
Serie A,2024-2025,"Bologna,Monza"
Serie A,2024-2025,Cagliari
Serie A,2024-2025,"Cagliari,Napoli"
Serie A,2024-2025,Como
Serie A,2024-2025,"Como,Fiorentina"
Serie A,2024-2025,"Como,Lecce"
Serie A,2024-2025,"Como,Torino"
Serie A,2024-2025,Empoli
Serie A,2024-2025,"Empoli,Fiorentina"
Serie A,2024-2025,"Empoli,Torino"
Serie A,2024-2025,Fiorentina
Serie A,2024-2025,"Fiorentina,Juventus"
Serie A,2024-2025,"Fiorentina,Monza"
Serie A,2024-2025,"Fiorentina,Napoli"
Serie A,2024-2025,"Fiorentina,Torino"
Serie A,2024-2025,Genoa
Serie A,2024-2025,"Genoa,Parma Calcio 1913"
Serie A,2024-2025,"Genoa,Venezia"
Serie A,2024-2025,Inter
Serie A,2024-2025,"Inter,Monza"
Serie A,2024-2025,"Inter,Roma"
Serie A,2024-2025,Juventus
Serie A,2024-2025,Lazio
Serie A,2024-2025,"Lazio,Monza"
Serie A,2024-2025,"Lazio,Verona"
Serie A,2024-2025,Lecce
Serie A,2024-2025,Monza
Serie A,2024-2025,"Monza,Parma Calcio 1913"
Serie A,2024-2025,"Monza,Venezia"
Serie A,2024-2025,Napoli
Serie A,2024-2025,"Napoli,Venezia"
Serie A,2024-2025,Parma Calcio 1913
Serie A,2024-2025,Roma
Serie A,2024-2025,Torino
Serie A,2024-2025,Udinese
Serie A,2024-2025,Venezia
Serie A,2024-2025,Verona
Serie A,2025-2026,AC Milan
Serie A,2025-2026,"AC Milan,Atalanta"
Serie A,2025-2026,Atalanta
Serie A,2025-2026,"Atalanta,Fiorentina"
Serie A,2025-2026,"Atalanta,Lazio"
Serie A,2025-2026,Bologna
Serie A,2025-2026,"Bologna,Cagliari"
Serie A,2025-2026,"Bologna,Fiorentina"
Serie A,2025-2026,"Bologna,Juventus"
Serie A,2025-2026,Cagliari
Serie A,2025-2026,"Cagliari,Cremonese"
Serie A,2025-2026,"Cagliari,Torino"
Serie A,2025-2026,Como
Serie A,2025-2026,Cremonese
Serie A,2025-2026,"Cremonese,Genoa"
Serie A,2025-2026,"Cremonese,Lecce"
Serie A,2025-2026,"Cremonese,Parma Calcio 1913"
Serie A,2025-2026,Fiorentina
Serie A,2025-2026,"Fiorentina,Juventus"
Serie A,2025-2026,"Fiorentina,Parma Calcio 1913"
Serie A,2025-2026,Genoa
Serie A,2025-2026,"Genoa,Roma"
Serie A,2025-2026,Inter
Serie A,2025-2026,Juventus
Serie A,2025-2026,Lazio
Serie A,2025-2026,Lecce
Serie A,2025-2026,"Lecce,Sassuolo"
Serie A,2025-2026,Napoli
Serie A,2025-2026,"Napoli,Torino"
Serie A,2025-2026,"Napoli,Verona"
Serie A,2025-2026,Parma Calcio 1913
Serie A,2025-2026,Pisa
Serie A,2025-2026,"Pisa,Sassuolo"
Serie A,2025-2026,Roma
Serie A,2025-2026,Sassuolo
Serie A,2025-2026,Torino
Serie A,2025-2026,"Torino,Verona"
Serie A,2025-2026,Udinese
Serie A,2025-2026,"Udinese,Verona"
Serie A,2025-2026,Verona
Ligue des champions,2020-2021,RB Salzburg
Ligue des champions,2020-2021,Lokomotiv Moskva
Ligue des champions,2020-2021,Bayern Munich
Ligue des champions,2020-2021,Ath Madrid
Ligue des champions,2020-2021,Real Madrid
Ligue des champions,2020-2021,Shakhtar Donetsk
Ligue des champions,2020-2021,Inter
Ligue des champions,2020-2021,Bor. Mönchengladbach
Ligue des champions,2020-2021,Man City
Ligue des champions,2020-2021,FC Porto
Ligue des champions,2020-2021,Olympiakos Piraeus
Ligue des champions,2020-2021,Olympique Marseille
Ligue des champions,2020-2021,Ajax
Ligue des champions,2020-2021,Liverpool
Ligue des champions,2020-2021,FC Midtjylland
Ligue des champions,2020-2021,Atalanta
Ligue des champions,2020-2021,Chelsea
Ligue des champions,2020-2021,Sevilla
Ligue des champions,2020-2021,Stade Rennais
Ligue des champions,2020-2021,FK Krasnodar
Ligue des champions,2020-2021,Zenit St. Petersburg
Ligue des champions,2020-2021,Club Brugge
Ligue des champions,2020-2021,Lazio Roma
Ligue des champions,2020-2021,Dortmund
Ligue des champions,2020-2021,Dinamo Kiev
Ligue des champions,2020-2021,Juventus
Ligue des champions,2020-2021,Barcelona
Ligue des champions,2020-2021,Ferencvárosi TC
Ligue des champions,2020-2021,RB Leipzig
Ligue des champions,2020-2021,İstanbul Başakşehir
Ligue des champions,2020-2021,Paris SG
Ligue des champions,2020-2021,Man United
Ligue des champions,2021-2022,Man City
Ligue des champions,2021-2022,RB Leipzig
Ligue des champions,2021-2022,Club Brugge
Ligue des champions,2021-2022,Paris SG
Ligue des champions,2021-2022,Ath Madrid
Ligue des champions,2021-2022,FC Porto
Ligue des champions,2021-2022,Liverpool
Ligue des champions,2021-2022,Milan
Ligue des champions,2021-2022,Beşiktaş
Ligue des champions,2021-2022,Dortmund
Ligue des champions,2021-2022,Sporting
Ligue des champions,2021-2022,Ajax
Ligue des champions,2021-2022,FC Sheriff
Ligue des champions,2021-2022,Shakhtar Donetsk
Ligue des champions,2021-2022,Inter
Ligue des champions,2021-2022,Real Madrid
Ligue des champions,2021-2022,Barcelona
Ligue des champions,2021-2022,Bayern Munich
Ligue des champions,2021-2022,Dinamo Kiev
Ligue des champions,2021-2022,Benfica
Ligue des champions,2021-2022,BSC Young Boys
Ligue des champions,2021-2022,Man United
Ligue des champions,2021-2022,Villarreal
Ligue des champions,2021-2022,Atalanta
Ligue des champions,2021-2022,Sevilla
Ligue des champions,2021-2022,RB Salzburg
Ligue des champions,2021-2022,Lille
Ligue des champions,2021-2022,VfL Wolfsburg
Ligue des champions,2021-2022,Chelsea
Ligue des champions,2021-2022,Zenit St. Petersburg
Ligue des champions,2021-2022,Malmö FF
Ligue des champions,2021-2022,Juventus
Ligue des champions,2022-2023,Ajax
Ligue des champions,2022-2023,Rangers FC
Ligue des champions,2022-2023,Napoli
Ligue des champions,2022-2023,Liverpool
Ligue des champions,2022-2023,Ath Madrid
Ligue des champions,2022-2023,FC Porto
Ligue des champions,2022-2023,Club Brugge
Ligue des champions,2022-2023,Leverkusen
Ligue des champions,2022-2023,Inter
Ligue des champions,2022-2023,Bayern Munich
Ligue des champions,2022-2023,Barcelona
Ligue des champions,2022-2023,Viktoria Plzeň
Ligue des champions,2022-2023,Ein Frankfurt
Ligue des champions,2022-2023,Sporting
Ligue des champions,2022-2023,Tottenham
Ligue des champions,2022-2023,Olympique Marseille
Ligue des champions,2022-2023,Dinamo Zagreb
Ligue des champions,2022-2023,Chelsea
Ligue des champions,2022-2023,RB Salzburg
Ligue des champions,2022-2023,Milan
Ligue des champions,2022-2023,Celtic FC
Ligue des champions,2022-2023,Real Madrid
Ligue des champions,2022-2023,RB Leipzig
Ligue des champions,2022-2023,Shakhtar Donetsk
Ligue des champions,2022-2023,Dortmund
Ligue des champions,2022-2023,Copenhagen
Ligue des champions,2022-2023,Sevilla
Ligue des champions,2022-2023,Man City
Ligue des champions,2022-2023,Paris SG
Ligue des champions,2022-2023,Juventus
Ligue des champions,2022-2023,Benfica
Ligue des champions,2022-2023,Maccabi Haifa
Ligue des champions,2023-2024,Milan
Ligue des champions,2023-2024,Newcastle
Ligue des champions,2023-2024,BSC Young Boys
Ligue des champions,2023-2024,RB Leipzig
Ligue des champions,2023-2024,SS Lazio
Ligue des champions,2023-2024,Ath Madrid
Ligue des champions,2023-2024,Feyenoord Rotterdam
Ligue des champions,2023-2024,Celtic FC
Ligue des champions,2023-2024,Paris SG
Ligue des champions,2023-2024,Dortmund
Ligue des champions,2023-2024,Man City
Ligue des champions,2023-2024,FK Crvena Zvezda
Ligue des champions,2023-2024,Barcelona
Ligue des champions,2023-2024,Royal Antwerp FC
Ligue des champions,2023-2024,FK Shakhtar Donetsk
Ligue des champions,2023-2024,FC Porto
Ligue des champions,2023-2024,Real Madrid
Ligue des champions,2023-2024,1. FC Union Berlin
Ligue des champions,2023-2024,Galatasaray
Ligue des champions,2023-2024,Copenhagen
Ligue des champions,2023-2024,Sevilla
Ligue des champions,2023-2024,Racing Club de Lens
Ligue des champions,2023-2024,Sporting Clube de Braga
Ligue des champions,2023-2024,Napoli
Ligue des champions,2023-2024,Real Sociedad de Fútbol
Ligue des champions,2023-2024,Inter
Ligue des champions,2023-2024,Benfica
Ligue des champions,2023-2024,FC Red Bull Salzburg
Ligue des champions,2023-2024,Bayern Munich
Ligue des champions,2023-2024,Man United
Ligue des champions,2023-2024,Arsenal
Ligue des champions,2023-2024,PSV
Ligue des champions,2024-2025,BSC Young Boys
Ligue des champions,2024-2025,Aston Villa
Ligue des champions,2024-2025,Juventus
Ligue des champions,2024-2025,PSV
Ligue des champions,2024-2025,Sporting
Ligue des champions,2024-2025,Lille
Ligue des champions,2024-2025,Bayern Munich
Ligue des champions,2024-2025,GNK Dinamo Zagreb
Ligue des champions,2024-2025,Real Madrid
Ligue des champions,2024-2025,Stuttgart
Ligue des champions,2024-2025,Milan
Ligue des champions,2024-2025,Liverpool
Ligue des champions,2024-2025,Bologna FC 1909
Ligue des champions,2024-2025,FK Shakhtar Donetsk
Ligue des champions,2024-2025,AC Sparta Praha
Ligue des champions,2024-2025,FC Red Bull Salzburg
Ligue des champions,2024-2025,Man City
Ligue des champions,2024-2025,Inter
Ligue des champions,2024-2025,Paris SG
Ligue des champions,2024-2025,Girona
Ligue des champions,2024-2025,Club Brugge
Ligue des champions,2024-2025,Dortmund
Ligue des champions,2024-2025,Celtic FC
Ligue des champions,2024-2025,ŠK Slovan Bratislava
Ligue des champions,2024-2025,Feyenoord Rotterdam
Ligue des champions,2024-2025,Leverkusen
Ligue des champions,2024-2025,FK Crvena Zvezda
Ligue des champions,2024-2025,Benfica
Ligue des champions,2024-2025,Monaco
Ligue des champions,2024-2025,Barcelona
Ligue des champions,2024-2025,Brest
Ligue des champions,2024-2025,SK Sturm Graz
Ligue des champions,2024-2025,Atalanta
Ligue des champions,2024-2025,Arsenal
Ligue des champions,2024-2025,Ath Madrid
Ligue des champions,2024-2025,RB Leipzig
Ligue des champions,2025-2026,Ath Bilbao
Ligue des champions,2025-2026,Arsenal
Ligue des champions,2025-2026,PSV
Ligue des champions,2025-2026,Union SG
Ligue des champions,2025-2026,Juventus
Ligue des champions,2025-2026,Dortmund
Ligue des champions,2025-2026,Benfica
Ligue des champions,2025-2026,Qarabag
Ligue des champions,2025-2026,Tottenham
Ligue des champions,2025-2026,Villarreal
Ligue des champions,2025-2026,Real Madrid
Ligue des champions,2025-2026,Marseille
Ligue des champions,2025-2026,Slavia Prague
Ligue des champions,2025-2026,Bodo/Glimt
Ligue des champions,2025-2026,Olympiacos
Ligue des champions,2025-2026,Paphos
Ligue des champions,2025-2026,Ajax
Ligue des champions,2025-2026,Inter
Ligue des champions,2025-2026,Liverpool
Ligue des champions,2025-2026,Ath Madrid
Ligue des champions,2025-2026,Paris SG
Ligue des champions,2025-2026,Atalanta
Ligue des champions,2025-2026,Bayern Munich
Ligue des champions,2025-2026,Chelsea
Ligue des champions,2025-2026,Copenhagen
Ligue des champions,2025-2026,Leverkusen
Ligue des champions,2025-2026,Club Brugge
Ligue des champions,2025-2026,Monaco
Ligue des champions,2025-2026,Newcastle
Ligue des champions,2025-2026,Barcelona
Ligue des champions,2025-2026,Man City
Ligue des champions,2025-2026,Napoli
Ligue des champions,2025-2026,Ein Frankfurt
Ligue des champions,2025-2026,Galatasaray
Ligue des champions,2025-2026,Sporting
Ligue des champions,2025-2026,Kairat
